Tank,ColorID,ID,Temp,Treatment,Trial,Trial_date,Length,Weight,Notes,Ethovision_trial,DistMove,TimeMove,TimeNotMove,FreqArena,TimeArena,FreqPartial,TimePartial
C_14_1,Blue,C_14_1_Blue,14,control,Pre1,15/02/2024,8,5.1,,Never Leaves,0,0,0,0,0,0,0
C_14_1,Blue,C_14_1_Blue,14,control,Pre2,18/02/2024,8,5.1,,1,964.203,119.953,17.5175,10,139.806,19,42.2088
C_14_1,Blue,C_14_1_Blue,14,control,Pre3,21/02/2024,8,5.1,,Never Leaves,0,0,0,0,0,0,0
C_14_1,Blue,C_14_1_Blue,14,control,Pre4,24/02/2024,8,5.1,,74,56.1831,10.8442,3.33666,4,16.3497,6,13.6803
C_14_1,Blue,C_14_1_Blue,14,control,Post1,12/03/2024,8,5.1,,Never Leaves,0,0,0,0,0,0,0
C_14_1,Blue,C_14_1_Blue,14,control,Post2,15/03/2024,8,5.1,,1,119.973,16.1828,10.8442,1,27.1938,2,17.8512
C_14_1,Blue,C_14_1_Blue,14,control,Post3,18/03/2024,8,5.1,,1,147.44,13.3467,287.454,3,302.635,3,302.635
C_14_1,Blue,C_14_1_Blue,14,control,Post4,21/03/2024,8,5.1,,Never Leaves,0,0,0,0,0,0,0
C_14_1,Orange,C_14_1_Orange,14,control,Pre1,15/02/2024,8.6,6.5,,Never Leaves,0,0,0,0,0,0,0
C_14_1,Orange,C_14_1_Orange,14,control,Pre2,18/02/2024,8.6,6.5,,2,926.71,105.272,110.944,10,219.219,19,131.464
C_14_1,Orange,C_14_1_Orange,14,control,Pre3,21/02/2024,8.6,6.5,,1,3068.91,354.02,49.0489,29,411.077,52,105.272
C_14_1,Orange,C_14_1_Orange,14,control,Pre4,24/02/2024,8.6,6.5,,75,2728.94,330.663,123.79,26,459.458,48,152.819
C_14_1,Orange,C_14_1_Orange,14,control,Post1,12/03/2024,8.6,6.5,,1,3383.8,366.198,60.0599,27,431.43,48,101.101
C_14_1,Orange,C_14_1_Orange,14,control,Post2,15/03/2024,8.6,6.5,,2,1558.71,206.206,359.358,10,568.901,25,116.95
C_14_1,Orange,C_14_1_Orange,14,control,Post4,21/03/2024,8.6,6.5,,MISSING,NA,NA,NA,NA,NA,NA,NA
C_14_1,Pink,C_14_1_Pink,14,control,Pre1,15/02/2024,7.9,5,,1,6135.52,495.161,10.8442,28,510.843,54,54.5545
C_14_1,Pink,C_14_1_Pink,14,control,Pre2,18/02/2024,7.9,5,,3,4807.47,432.265,21.8551,35,460.96,63,72.5724
C_14_1,Pink,C_14_1_Pink,14,control,Pre3,21/02/2024,7.9,5,,2,2807.72,291.791,33.1998,36,334.5,60,73.907
C_14_1,Pink,C_14_1_Pink,14,control,Pre4,24/02/2024,7.9,5,,76,827.456,104.104,31.3646,23,142.309,35,66.2327
C_14_1,Pink,C_14_1_Pink,14,control,Post1,12/03/2024,7.9,5,,2,2870.535,186.4195,46.7132,14,196.636,24,57.2237
C_14_1,Pink,C_14_1_Pink,14,control,Post2,15/03/2024,7.9,5,,3,2414.03,239.906,11.8451,21,255.254,44,49.5494
C_14_1,Pink,C_14_1_Pink,14,control,Post3,18/03/2024,7.9,5,,3,443.694,47.5474,236.569,4,284.784,7,12.8461
C_14_1,Pink,C_14_1_Pink,14,control,Post4,21/03/2024,7.9,5,,1,1232.73,132.465,199.199,11,333.833,21,37.3706
C_14_1,Yellow,C_14_1_Yellow,14,control,Pre1,15/02/2024,7.8,4.8,,2,4541.01,499.164,43.0429,18,545.377,32,27.1938
C_14_1,Yellow,C_14_1_Yellow,14,control,Pre2,18/02/2024,7.8,4.8,,4,4277.88,425.758,63.3965,24,494.827,52,64.7312
C_14_1,Yellow,C_14_1_Yellow,14,control,Pre3,21/02/2024,7.8,4.8,,3,4359.53,441.941,30.3636,27,478.811,47,65.0649
C_14_1,Yellow,C_14_1_Yellow,14,control,Pre4,24/02/2024,7.8,4.8,,77,3210.32,388.054,112.446,25,505.004,47,140.14
C_14_1,Yellow,C_14_1_Yellow,14,control,Post1,12/03/2024,7.8,4.8,,3,2620.54,273.606,205.205,33,485.318,58,230.73
C_14_1,Yellow,C_14_1_Yellow,14,control,Post2,15/03/2024,7.8,4.8,,4,4170.99,406.239,133.467,14,542.208,31,67.5674
C_14_1,Yellow,C_14_1_Yellow,14,control,Post3,18/03/2024,7.8,4.8,,4,2526.39,341.007,126.293,35,473.973,66,153.653
C_14_1,Yellow,C_14_1_Yellow,14,control,Post4,21/03/2024,7.8,4.8,,2,3470.52,289.956,195.695,28,491.491,59,201.034
C_14_10,Blue,C_14_10_Blue,14,control,Pre1,17/02/2024,9.6,9.1,,55,996.041,131.631,335.835,22,472.805,32,361.694
C_14_10,Blue,C_14_10_Blue,14,control,Pre2,20/02/2024,9.6,9.1,,68,1137.5,109.109,9.34266,13,121.955,22,51.8851
C_14_10,Blue,C_14_10_Blue,14,control,Pre3,23/02/2024,9.6,9.1,,68,2713.17,218.718,6.00599,29,231.731,55,86.9201
C_14_10,Blue,C_14_10_Blue,14,control,Pre4,26/02/2024,9.6,9.1,,140,1764.82,174.841,61.8951,22,241.741,43,135.135
C_14_10,Blue,C_14_10_Blue,14,control,Post1,14/03/2024,9.6,9.1,,62,1230.72,156.656,28.1948,34,191.525,47,112.779
C_14_10,Blue,C_14_10_Blue,14,control,Post2,17/03/2024,9.6,9.1,,58,2092.54,221.888,22.3556,52,257.257,78,141.141
C_14_10,Blue,C_14_10_Blue,14,control,Post3,20/03/2024,9.6,9.1,,63,3193.31,235.235,57.5575,31,299.966,52,117.284
C_14_10,Blue,C_14_10_Blue,14,control,Post4,23/03/2024,9.6,9.1,,52,1459.76,193.36,68.4016,39,270.437,53,163.663
C_14_10,Orange,C_14_10_Orange,14,control,Pre1,17/02/2024,8.8,6.8,,56,1260.59,151.818,257.757,10,411.578,24,219.219
C_14_10,Orange,C_14_10_Orange,14,control,Pre2,20/02/2024,8.8,6.8,,69,2009.24,246.579,174.007,35,428.761,59,208.875
C_14_10,Orange,C_14_10_Orange,14,control,Pre3,23/02/2024,8.8,6.8,,69,1707.57,233.733,161.828,29,401.4,54,225.892
C_14_10,Orange,C_14_10_Orange,14,control,Pre4,26/02/2024,8.8,6.8,,141,1390.33,175.175,167.167,26,349.849,44,226.559
C_14_10,Orange,C_14_10_Orange,14,control,Post1,14/03/2024,8.8,6.8,,63,1532.19,182.515,32.5324,29,221.554,50,107.774
C_14_10,Orange,C_14_10_Orange,14,control,Post2,17/03/2024,8.8,6.8,,59,1568.41,190.523,15.1818,27,212.045,40,80.0798
C_14_10,Orange,C_14_10_Orange,14,control,Post3,20/03/2024,8.8,6.8,,64,2840.77,241.574,74.2407,31,321.988,51,155.822
C_14_10,Orange,C_14_10_Orange,14,control,Post4,23/03/2024,8.8,6.8,,53,1983.127,144.978,44.2107,25,195.528,40,111.945
C_14_10,Pink,C_14_10_Pink,14,control,Pre1,17/02/2024,8.5,6.1,,57,4009.23,363.363,34.3676,27,402.402,53,71.5714
C_14_10,Pink,C_14_10_Pink,14,control,Pre2,20/02/2024,8.5,6.1,,70,2604.56,287.954,23.023,26,315.648,40,61.3946
C_14_10,Pink,C_14_10_Pink,14,control,Pre3,23/02/2024,8.5,6.1,,70,2582.22,245.745,11.3446,26,263.429,39,50.0499
C_14_10,Pink,C_14_10_Pink,14,control,Pre4,26/02/2024,8.5,6.1,,142,2535.46,245.245,8.84215,33,260.76,52,58.7252
C_14_10,Pink,C_14_10_Pink,14,control,Post1,14/03/2024,8.5,6.1,,64,3448.37,318.818,34.7013,13,356.856,22,27.6943
C_14_10,Pink,C_14_10_Pink,14,control,Post2,17/03/2024,8.5,6.1,,60,2992.4,211.211,26.8601,47,249.082,71,92.0918
C_14_10,Pink,C_14_10_Pink,14,control,Post3,20/03/2024,8.5,6.1,,65,2943.06,278.778,16.3496,25,300.967,41,49.3826
C_14_10,Pink,C_14_10_Pink,14,control,Post4,23/03/2024,8.5,6.1,,54,2053.05,244.077,33.5334,39,287.12,59,75.5753
C_14_10,Yellow,C_14_10_Yellow,14,control,Pre1,17/02/2024,8.7,6.7,,58,2588.25,242.742,16.016,16,261.928,31,52.2187
C_14_10,Yellow,C_14_10_Yellow,14,control,Pre2,20/02/2024,8.7,6.7,,71,1491.35,144.644,5.33866,27,158.491,39,48.8821
C_14_10,Yellow,C_14_10_Yellow,14,control,Pre3,23/02/2024,8.7,6.7,,Never leaves,0,0,0,0,0,0,0
C_14_10,Yellow,C_14_10_Yellow,14,control,Pre4,26/02/2024,8.7,6.7,,143,1561.78,192.359,11.1778,32,211.378,45,69.0689
C_14_10,Yellow,C_14_10_Yellow,14,control,Post1,14/03/2024,8.7,6.7,,Never Leaves,0,0,0,0,0,0,0
C_14_10,Yellow,C_14_10_Yellow,14,control,Post2,17/03/2024,8.7,6.7,,MISSING,NA,NA,NA,NA,NA,NA,NA
C_14_10,Yellow,C_14_10_Yellow,14,control,Post3,20/03/2024,8.7,6.7,,MISSING,NA,NA,NA,NA,NA,NA,NA
C_14_10,Yellow,C_14_10_Yellow,14,control,Post4,23/03/2024,8.7,6.7,,MISSING,NA,NA,NA,NA,NA,NA,NA
C_14_2,Blue,C_14_2_Blue,14,control,Pre1,15/02/2024,7.5,4.3,,6,1907.48,170.003,3.5035,12,175.509,24,28.6953
C_14_2,Blue,C_14_2_Blue,14,control,Pre2,18/02/2024,7.5,4.3,,8,1413.57,124.457,5.33866,20,133.3,33,43.2097
C_14_2,Blue,C_14_2_Blue,14,control,Pre3,21/02/2024,7.5,4.3,,8,1401.77,127.461,6.17283,27,139.973,40,52.8861
C_14_2,Blue,C_14_2_Blue,14,control,Pre4,24/02/2024,7.5,4.3,,81,3267.57,284.117,5.33866,34,297.797,57,66.7333
C_14_2,Blue,C_14_2_Blue,14,control,Post1,12/03/2024,7.5,4.3,,8,1929.12,191.691,10.3437,25,208.541,38,44.044
C_14_2,Blue,C_14_2_Blue,14,control,Post2,15/03/2024,7.5,4.3,,7,1988.23,199.199,5.67233,27,212.879,47,52.5525
C_14_2,Blue,C_14_2_Blue,14,control,Post3,18/03/2024,7.5,4.3,,7,1179,137.804,6.006,27,152.486,41,57.057
C_14_2,Blue,C_14_2_Blue,14,control,Post4,21/03/2024,7.5,4.3,,5,1118.28,116.783,4.50449,28,127.794,41,46.3796
C_14_2,Orange,C_14_2_Orange,14,control,Pre1,15/02/2024,7.1,3.7,,Never Leaves,0,0,0,0,0,0,0
C_14_2,Orange,C_14_2_Orange,14,control,Pre2,18/02/2024,7.1,3.7,,9,1152.87,104.104,4.50449,16,111.778,28,39.8731
C_14_2,Orange,C_14_2_Orange,14,control,Pre3,21/02/2024,7.1,3.7,,9,214.126,22.8561,2.83616,4,26.3596,7,12.8461
C_14_2,Orange,C_14_2_Orange,14,control,Pre4,24/02/2024,7.1,3.7,,82,377.783,38.2048,2.83616,6,42.7092,11,14.8481
C_14_2,Orange,C_14_2_Orange,14,control,Post1,12/03/2024,7.1,3.7,,9,2355.58,147.314,13.3466,26,196.166,41,58.7252
C_14_2,Orange,C_14_2_Orange,14,control,Post2,15/03/2024,7.1,3.7,,8,121.392,17.017,1.5015,7,19.8531,10,16.016
C_14_2,Orange,C_14_2_Orange,14,control,Post3,18/03/2024,7.1,3.7,,8,198.4097,15.015,1.33466,10,19.3526,12,13.8471
C_14_2,Orange,C_14_2_Orange,14,control,Post4,21/03/2024,7.2,3.9,,6,878.006,73.0729,7.50748,14,85.2517,21,27.1938
C_14_2,Pink,C_14_2_Pink,14,control,Pre1,15/02/2024,6.6,2.9,,Never Leaves,0,0,0,0,0,0,0
C_14_2,Pink,C_14_2_Pink,14,control,Pre2,18/02/2024,6.6,2.9,,10,1118.76,128.795,19.6863,12,152.152,20,40.3736
C_14_2,Pink,C_14_2_Pink,14,control,Pre3,21/02/2024,6.6,2.9,,10,355.421,53.2197,155.155,12,210.543,16,146.479
C_14_2,Pink,C_14_2_Pink,14,control,Pre4,24/02/2024,6.6,2.9,,83,833.305,107.107,22.5225,12,133.3,21,38.3716
C_14_2,Pink,C_14_2_Pink,14,control,Post1,12/03/2024,6.6,2.9,,10,1798.78,177.51,12.3456,26,196.362,41,55.8891
C_14_2,Pink,C_14_2_Pink,14,control,Post2,15/03/2024,6.6,2.9,,Never Leaves,0,0,0,0,0,0,0
C_14_2,Pink,C_14_2_Pink,14,control,Post3,18/03/2024,6.6,2.9,,Never Leaves,0,0,0,0,0,0,0
C_14_2,Pink,C_14_2_Pink,14,control,Post4,21/03/2024,6.6,2.9,DIED,MISSING,NA,NA,NA,NA,NA,NA,NA
C_14_2,Yellow,C_14_2_Yellow,14,control,Pre1,15/02/2024,6.5,2.9,,7,3039.33,359.859,37.037,25,401.568,45,66.2328
C_14_2,Yellow,C_14_2_Yellow,14,control,Pre2,18/02/2024,6.5,2.9,,11,3402.3,404.404,45.8791,31,456.956,59,80.2468
C_14_2,Yellow,C_14_2_Yellow,14,control,Pre3,21/02/2024,6.5,2.9,,11,2390.36,334.667,22.022,32,363.696,56,86.9201
C_14_2,Yellow,C_14_2_Yellow,14,control,Pre4,24/02/2024,6.5,2.9,,84,2775.74,375.375,45.045,30,427.427,55,105.939
C_14_2,Yellow,C_14_2_Yellow,14,control,Post1,12/03/2024,6.5,2.9,,11,2180.96,163.83,72.7393,38,246.413,55,113.613
C_14_2,Yellow,C_14_2_Yellow,14,control,Post2,15/03/2024,6.5,2.9,,9,1708.05,201.868,17.017,28,225.058,45,50.3836
C_14_2,Yellow,C_14_2_Yellow,14,control,Post3,18/03/2024,6.5,2.9,,9,1598.4,189.356,13.1798,30,208.542,50,57.3906
C_14_2,Yellow,C_14_2_Yellow,14,control,Post4,21/03/2024,6.5,2.9,,7,2440.26,240.907,22.5225,26,268.101,51,55.3886
C_14_3,Blue,C_14_3_Blue,14,control,Pre1,15/02/2024,10.2,10.9,,Never Leaves,0,0,0,0,0,0,0
C_14_3,Blue,C_14_3_Blue,14,control,Pre2,18/02/2024,10.2,10.9,,16,1557.04,158.492,32.8661,27,197.364,43,85.5854
C_14_3,Blue,C_14_3_Blue,14,control,Pre3,21/02/2024,10.2,10.9,,15,4355.9,385.718,21.8551,54,421.587,97,148.815
C_14_3,Blue,C_14_3_Blue,14,control,Pre4,24/02/2024,10.2,10.9,,88,3417.88,347.347,34.7013,48,395.061,88,142.809
C_14_3,Blue,C_14_3_Blue,14,control,Post1,12/03/2024,10.2,10.9,,15,2437.43,231.398,107.274,39,347.013,65,193.36
C_14_3,Blue,C_14_3_Blue,14,control,Post2,15/03/2024,10.2,10.9,,13,3028.02,297.13,77.0769,47,384.384,82,195.695
C_14_3,Blue,C_14_3_Blue,14,control,Post3,18/03/2024,10.2,10.9,,14,1181.63,205.705,63.3966,46,179.612,68,156.656
C_14_3,Blue,C_14_3_Blue,14,control,Post4,21/03/2024,10.2,10.9,,11,3872.04,327.66,66.7333,43,406.239,78,180.013
C_14_3,Orange,C_14_3_Orange,14,control,Pre1,15/02/2024,9.7,10.2,,10,2895.86,282.281,38.7053,22,325.992,42,66.9
C_14_3,Orange,C_14_3_Orange,14,control,Pre2,18/02/2024,9.7,10.2,,17,3372.72,357.857,146.813,16,507.506,43,139.973
C_14_3,Orange,C_14_3_Orange,14,control,Pre3,21/02/2024,9.7,10.2,,16,2791.58,318.484,166.666,27,492.157,57,199.199
C_14_3,Orange,C_14_3_Orange,14,control,Pre4,24/02/2024,9.7,10.2,,89,2420.34,306.806,160.16,26,471.971,46,236.402
C_14_3,Orange,C_14_3_Orange,14,control,Post1,12/03/2024,9.7,10.2,,16,2870.24,363.195,167.167,23,535.534,52,167.167
C_14_3,Orange,C_14_3_Orange,14,control,Post2,15/03/2024,9.7,10.2,,14,3480.58,434.767,159.159,4,594.593,24,69.0689
C_14_3,Orange,C_14_3_Orange,14,control,Post3,18/03/2024,9.7,10.2,,15,1198.065,8.50848,591.59,1,600.265,0,0
C_14_3,Orange,C_14_3_Orange,14,control,Post4,21/03/2024,9.7,10.2,,MISSING,NA,NA,NA,NA,NA,NA,NA
C_14_3,Pink,C_14_3_Pink,14,control,Pre1,15/02/2024,9.6,8.4,,11,1441.3,185.352,249.249,23,440.606,39,330.163
C_14_3,Pink,C_14_3_Pink,14,control,Pre2,18/02/2024,9.6,8.4,,18,3285.33,361.861,68.9021,43,441.441,75,149.149
C_14_3,Pink,C_14_3_Pink,14,control,Pre3,21/02/2024,9.6,8.4,,17,5702.19,432.431,4.17082,52,446.278,103,95.2616
C_14_3,Pink,C_14_3_Pink,14,control,Pre4,24/02/2024,9.6,8.4,,Never Leaves,0,0,0,0,0,0,0
C_14_3,Pink,C_14_3_Pink,14,control,Post1,12/03/2024,9.6,8.4,,17,4626.06,418.25,8.50848,53,438.771,98,117.951
C_14_3,Pink,C_14_3_Pink,14,control,Post2,15/03/2024,9.6,8.4,,15,2499.74,239.739,5.17182,39,252.251,63,81.4145
C_14_3,Pink,C_14_3_Pink,14,control,Post3,18/03/2024,9.6,8.4,,16,1155.789,28.5284,105.105,6,136.303,7,95.4285
C_14_3,Pink,C_14_3_Pink,14,control,Post4,21/03/2024,9.6,8.4,DIED,MISSING,NA,NA,NA,NA,NA,NA,NA
C_14_3,Yellow,C_14_3_Yellow,14,control,Pre1,15/02/2024,10,11.2,,12,3602.47,305.805,40.2068,13,348.515,33,59.8931
C_14_3,Yellow,C_14_3_Yellow,14,control,Pre2,18/02/2024,10,11.2,,19,1557.19,186.853,344.844,17,536.034,36,230.396
C_14_3,Yellow,C_14_3_Yellow,14,control,Pre3,21/02/2024,10,11.2,,18,2535.24,307.807,238.905,16,549.715,34,164.164
C_14_3,Yellow,C_14_3_Yellow,14,control,Pre4,24/02/2024,10,11.2,,90,2871.08,358.358,194.361,19,556.222,54,138.138
C_14_3,Yellow,C_14_3_Yellow,14,control,Post1,12/03/2024,10,11.2,,68,3563.04,281.281,222.722,23,508.841,46,171.004
C_14_3,Yellow,C_14_3_Yellow,14,control,Post2,15/03/2024,10,11.2,,16,1919.42,236.736,268.601,14,509.342,39,230.397
C_14_3,Yellow,C_14_3_Yellow,14,control,Post3,18/03/2024,10,11.2,,17,1062.61,169.503,430.596,1,600.266,1,7.84116
C_14_3,Yellow,C_14_3_Yellow,14,control,Post4,21/03/2024,10,11.2,,12,2274.7561,111.66833,180.447,1,282.282,1,34.034
C_14_4,Blue,C_14_4_Blue,14,control,Pre1,16/02/2024,8.2,5.9,,15,4649.52,472.305,15.6823,19,491.324,41,56.5565
C_14_4,Blue,C_14_4_Blue,14,control,Pre2,19/02/2024,8.2,5.9,,24,3190.14,283.116,4.83816,16,290.957,30,41.2078
C_14_4,Blue,C_14_4_Blue,14,control,Pre3,22/02/2024,8.2,5.9,,23,2423.85,241.074,7.34066,39,255.588,74,88.2548
C_14_4,Blue,C_14_4_Blue,14,control,Pre4,25/02/2024,8.2,5.9,,94,2974.31,278.278,5.17183,55,295.295,93,109.943
C_14_4,Blue,C_14_4_Blue,14,control,Post1,13/03/2024,8.2,5.9,,23,2524.58,252.752,8.84216,49,272.105,85,125.792
C_14_4,Blue,C_14_4_Blue,14,control,Post2,16/03/2024,8.2,5.9,,20,2612.83,253.086,5.50549,42,268.435,71,96.9301
C_14_4,Blue,C_14_4_Blue,14,control,Post3,19/03/2024,8.2,5.9,,22,3876.56,371.871,12.3457,38,391.724,68,85.9191
C_14_4,Blue,C_14_4_Blue,14,control,Post4,22/03/2024,8.2,5.9,DIED,16,3873.72,374.374,12.6793,60,398.231,118,132.632
C_14_4,Orange,C_14_4_Orange,14,control,Pre1,16/02/2024,8,5.2,,16,5655.77,489.822,14.8482,37,511.344,73,104.104
C_14_4,Orange,C_14_4_Orange,14,control,Pre2,19/02/2024,8,5.2,,25,5099.03,424.423,15.5155,44,448.781,81,109.776
C_14_4,Orange,C_14_4_Orange,14,control,Pre3,22/02/2024,8,5.2,,24,5008.82,398.564,10.01,38,419.418,69,76.7432
C_14_4,Orange,C_14_4_Orange,14,control,Pre4,25/02/2024,8,5.2,,95,4611.37,398.397,12.5125,46,422.755,83,112.279
C_14_4,Orange,C_14_4_Orange,14,control,Post1,13/03/2024,8,5.2,,24,3526.73,283.449,8.67532,64,304.303,113,98.932
C_14_4,Orange,C_14_4_Orange,14,control,Post2,16/03/2024,8,5.2,,21,2489.02,159.826,24.024,18,187.353,34,71.7382
C_14_4,Orange,C_14_4_Orange,14,control,Post3,19/03/2024,8,5.2,,23,1202.19,130.297,7.67432,23,142.976,37,64.3975
C_14_4,Orange,C_14_4_Orange,14,control,Post4,22/03/2024,8,5.2,DIED,17,2925.29,260.093,82.0818,34,349.515,50,122.622
C_14_4,Pink,C_14_4_Pink,14,control,Pre1,16/02/2024,8.1,5.8,,17,2104.82,268.434,110.277,19,384.05,38,99.933
C_14_4,Pink,C_14_4_Pink,14,control,Pre2,19/02/2024,8.1,5.8,,26,2686.48,291.291,16.1828,35,315.648,61,88.9221
C_14_4,Pink,C_14_4_Pink,14,control,Pre3,22/02/2024,8.1,5.8,,25,2247.6,260.093,34.0339,31,301.634,54,80.7472
C_14_4,Pink,C_14_4_Pink,14,control,Pre4,25/02/2024,8.1,5.8,,96,2574.99,306.305,79.2457,23,391.223,41,113.613
C_14_4,Pink,C_14_4_Pink,14,control,Post1,13/03/2024,8.1,5.8,,25,1810.498,91.5913,5.33866,15,100.767,21,33.0329
C_14_4,Pink,C_14_4_Pink,14,control,Post2,16/03/2024,8.1,5.8,,22,2732.62,250.917,12.1788,52,277.944,88,111.111
C_14_4,Pink,C_14_4_Pink,14,control,Post3,19/03/2024,8.1,5.8,,24,1177.72,148.148,35.2018,13,186.352,22,64.0639
C_14_4,Pink,C_14_4_Pink,14,control,Post4,22/03/2024,8.1,5.8,,18,1839.529,115.115,12.6793,27,133.8,38,70.0699
C_14_4,Yellow,C_14_4_Yellow,14,control,Pre1,16/02/2024,8.5,6.6,,18,3021.83,256.923,6.00599,19,267.767,37,51.3846
C_14_4,Yellow,C_14_4_Yellow,14,control,Pre2,19/02/2024,8.5,6.6,,27,2712.65,309.976,16.6833,28,331.664,55,87.2538
C_14_4,Yellow,C_14_4_Yellow,14,control,Pre3,22/02/2024,8.5,6.6,,26,2940.58,328.828,28.1948,46,366.366,78,127.794
C_14_4,Yellow,C_14_4_Yellow,14,control,Pre4,25/02/2024,8.5,6.6,,97,2307.23,273.106,23.023,32,304.137,55,98.0979
C_14_4,Yellow,C_14_4_Yellow,14,control,Post1,13/03/2024,8.5,6.6,,26,1529.97,200.7,28.5285,20,233.4,32,41.2078
C_14_4,Yellow,C_14_4_Yellow,14,control,Post2,16/03/2024,8.5,6.6,,23,1300.35,129.129,5.005,19,138.972,33,39.2058
C_14_4,Yellow,C_14_4_Yellow,14,control,Post3,19/03/2024,8.5,6.6,,Never Leaves,0,0,0,0,0,0,0
C_14_4,Yellow,C_14_4_Yellow,14,control,Post4,22/03/2024,8.5,6.6,,MISSING,NA,NA,NA,NA,NA,NA,NA
C_14_5,Blue,C_14_5_Blue,14,control,Pre1,16/02/2024,6.7,2.9,,21,16.3087,3.16983,0.166833,1,3.50349,2,2.66933
C_14_5,Blue,C_14_5_Blue,14,control,Pre2,19/02/2024,6.7,2.9,,31,0,0,0,0,0,0,0
C_14_5,Blue,C_14_5_Blue,14,control,Pre3,22/02/2024,6.7,2.9,,31,1060.4,88.0879,1.83516,24,95.2618,37,39.7063
C_14_5,Blue,C_14_5_Blue,14,control,Pre4,25/02/2024,6.7,2.9,,101,326.033,30.03,1.33466,6,33.033,10,9.34266
C_14_5,Blue,C_14_5_Blue,14,control,Post1,13/03/2024,6.7,2.9,,Never Leaves,0,0,0,0,0,0,0
C_14_5,Blue,C_14_5_Blue,14,control,Post2,16/03/2024,6.7,2.9,,Never Leaves,0,0,0,0,0,0,0
C_14_5,Blue,C_14_5_Blue,14,control,Post3,19/03/2024,6.7,2.9,,29,907.231,69.0689,1.001,15,72.5724,27,25.3586
C_14_5,Blue,C_14_5_Blue,14,control,Post4,22/03/2024,6.7,2.9,,Never Leaves,0,0,0,0,0,0,0
C_14_5,Orange,C_14_5_Orange,14,control,Pre1,16/02/2024,6,2.4,,22,4014.15,413.746,3.16983,25,421.421,54,48.2148
C_14_5,Orange,C_14_5_Orange,14,control,Pre2,19/02/2024,6,2.4,,32,3964.22,386.552,15.1818,30,407.74,51,63.7302
C_14_5,Orange,C_14_5_Orange,14,control,Pre3,22/02/2024,6,2.4,,32,1085.95,148.315,4.67132,10,154.654,20,37.0369
C_14_5,Orange,C_14_5_Orange,14,control,Pre4,25/02/2024,6,2.4,,102,2230.86,236.903,4.67132,29,250.249,48,59.2257
C_14_5,Orange,C_14_5_Orange,14,control,Post1,13/03/2024,6,2.4,,31,283.458,37.3706,1.16783,10,40.3736,15,17.8511
C_14_5,Orange,C_14_5_Orange,14,control,Post2,16/03/2024,6,2.4,,27,1034.21,111.611,2.66933,23,120.954,35,53.3866
C_14_5,Orange,C_14_5_Orange,14,control,Post3,19/03/2024,6,2.4,,30,168.228,8.17482,591.923,1,600.265,1,94.4275
C_14_5,Orange,C_14_5_Orange,14,control,Post4,22/03/2024,6,2.4,DIED,MISSING,NA,NA,NA,NA,NA,NA,NA
C_14_5,Pink,C_14_5_Pink,14,control,Pre1,16/02/2024,6.2,2.3,,23,2837.11,373.706,144.478,22,522.355,43,128.295
C_14_5,Pink,C_14_5_Pink,14,control,Pre2,19/02/2024,6.2,2.3,,33,1520.08,201.034,15.8492,19,220.887,30,57.8911
C_14_5,Pink,C_14_5_Pink,14,control,Pre3,22/02/2024,6.2,2.3,,33,1686.66,206.873,10.3436,20,222.555,32,39.8731
C_14_5,Pink,C_14_5_Pink,14,control,Pre4,25/02/2024,6.2,2.3,,103,2135.01,253.252,16.1828,16,273.106,26,36.8701
C_14_5,Pink,C_14_5_Pink,14,control,Post1,13/03/2024,6.2,2.3,,32,1395.15,164.331,13.5135,18,185.518,29,30.3636
C_14_5,Pink,C_14_5_Pink,14,control,Post2,16/03/2024,6.2,2.3,,28,2646.73,202.035,17.1838,27,225.558,42,58.5584
C_14_5,Pink,C_14_5_Pink,14,control,Post3,19/03/2024,6.2,2.3,,31,705.853,90.7572,4.83816,18,99.2656,26,35.8691
C_14_5,Pink,C_14_5_Pink,14,control,Post4,22/03/2024,6.2,2.3,,21,1011.83,114.614,4.67132,12,122.289,22,26.5264
C_14_5,Yellow,C_14_5_Yellow,14,control,Pre1,16/02/2024,5.6,2.1,,24,3391.2,461.794,115.782,4,578.243,9,15.5155
C_14_5,Yellow,C_14_5_Yellow,14,control,Pre2,19/02/2024,5.6,2.1,,34,3083.98,379.712,25.1918,34,411.411,61,84.5844
C_14_5,Yellow,C_14_5_Yellow,14,control,Pre3,22/02/2024,5.6,2.1,,34,1423.89,230.897,24.6913,36,262.429,53,96.7633
C_14_5,Yellow,C_14_5_Yellow,14,control,Pre4,25/02/2024,5.6,2.1,,104,67.136,15.1818,16.5165,7,33.8671,8,32.8661
C_14_5,Yellow,C_14_5_Yellow,14,control,Post1,13/03/2024,5.6,2.1,,33,1826.9,201.201,8.50849,24,215.382,47,56.2228
C_14_5,Yellow,C_14_5_Yellow,14,control,Post2,16/03/2024,5.6,2.1,,29,2154.608,36.036,16.1828,13,55.3886,17,43.5435
C_14_5,Yellow,C_14_5_Yellow,14,control,Post3,19/03/2024,5.6,2.1,,32,118.573,7.50749,592.592,1,600.266,0,0
C_14_5,Yellow,C_14_5_Yellow,14,control,Post4,22/03/2024,5.6,2.1,,MISSING,NA,NA,NA,NA,NA,NA,NA
C_14_6,Blue,C_14_6_Blue,14,control,Pre1,16/02/2024,7.2,3.9,,29,589.689,61.5614,8.17482,8,71.0709,15,32.6993
C_14_6,Blue,C_14_6_Blue,14,control,Pre2,19/02/2024,7.2,3.9,,39,142.487,21.021,7.34066,5,29.1958,7,16.1828
C_14_6,Blue,C_14_6_Blue,14,control,Pre3,22/02/2024,7.2,3.9,,39,2519.1,215.882,1.66833,39,229.229,61,76.4096
C_14_6,Blue,C_14_6_Blue,14,control,Pre4,25/02/2024,7.2,3.9,,109,2334.74,229.896,5.33866,38,246.579,63,83.9171
C_14_6,Blue,C_14_6_Blue,14,control,Post1,13/03/2024,7.2,3.9,,36,1267.09,134.801,3.33666,30,146.646,43,63.3966
C_14_6,Blue,C_14_6_Blue,14,control,Post2,16/03/2024,7.2,3.9,,32,1332.89,122.622,3.67033,29,133.967,40,62.7293
C_14_6,Blue,C_14_6_Blue,14,control,Post3,19/03/2024,7.2,3.9,,35,580.015,68.7353,2.33566,18,74.9081,26,29.8631
C_14_6,Blue,C_14_6_Blue,14,control,Post4,22/03/2024,7.9,5.3,,24,2155.53,207.874,4.17083,35,219.052,55,81.4146
C_14_6,Orange,C_14_6_Orange,14,control,Pre1,16/02/2024,7.6,4.6,,30,0,0,0,0,0,0,0
C_14_6,Orange,C_14_6_Orange,14,control,Pre2,19/02/2024,7.6,4.6,DIED,,NA,NA,NA,NA,NA,NA,NA
C_14_6,Orange,C_14_6_Orange,14,control,Pre3,22/02/2024,7.6,4.6,DIED,,NA,NA,NA,NA,NA,NA,NA
C_14_6,Orange,C_14_6_Orange,14,control,Pre4,25/02/2024,7.6,4.6,DIED,,NA,NA,NA,NA,NA,NA,NA
C_14_6,Orange,C_14_6_Orange,14,control,Post1,13/03/2024,7.6,4.6,DIED,MISSING,NA,NA,NA,NA,NA,NA,NA
C_14_6,Orange,C_14_6_Orange,14,control,Post2,16/03/2024,7.6,4.6,DIED,MISSING,NA,NA,NA,NA,NA,NA,NA
C_14_6,Orange,C_14_6_Orange,14,control,Post3,19/03/2024,7.6,4.6,DIED,Missing,NA,NA,NA,NA,NA,NA,NA
C_14_6,Orange,C_14_6_Orange,14,control,Post4,22/03/2024,7.6,4.6,DIED,Mising,NA,NA,NA,NA,NA,NA,NA
C_14_6,Pink,C_14_6_Pink,14,control,Pre1,16/02/2024,7.5,4.5,,31,2522.41,222.555,5.67233,36,236.069,61,76.0759
C_14_6,Pink,C_14_6_Pink,14,control,Pre2,19/02/2024,7.5,4.5,,40,582.245,48.5484,1.001,9,51.0509,16,16.6833
C_14_6,Pink,C_14_6_Pink,14,control,Pre3,22/02/2024,7.5,4.5,,40,982.192,88.5883,4.17082,14,95.929,24,25.5254
C_14_6,Pink,C_14_6_Pink,14,control,Pre4,25/02/2024,7.5,4.5,,111,1441.68,139.306,4.67132,18,147.981,29,39.8731
C_14_6,Pink,C_14_6_Pink,14,control,Post1,13/03/2024,7.5,4.5,,38,710.378,77.5773,7.00699,10,86.4195,17,25.025
C_14_6,Pink,C_14_6_Pink,14,control,Post2,16/03/2024,7.5,4.5,,34,1337.36,158.158,11.1778,29,176.176,44,61.3945
C_14_6,Pink,C_14_6_Pink,14,control,Post3,19/03/2024,7.5,4.5,,37,726.881,100.433,16.016,19,119.953,31,41.0409
C_14_6,Pink,C_14_6_Pink,14,control,Post4,22/03/2024,7.5,4.5,,26,2859.03,343.509,19.8531,26,368.367,48,58.2247
C_14_6,Untagged,C_14_6_Untagged,14,control,Pre2,19/02/2024,,,,Never leaves,0,0,0,0,0,0,0
C_14_6,Untagged,C_14_6_Untagged,14,control,Pre3,22/02/2024,,,,Never leaves,0,0,0,0,0,0,0
C_14_6,Untagged,C_14_6_Untagged,14,control,Pre4,25/02/2024,,,,110,1710.13,191.691,6.67332,31,206.372,50,78.912
C_14_6,Untagged,C_14_6_Untagged,14,control,Post1,13/03/2024,,,,69,1546.45,214.047,48.5484,18,265.765,32,78.912
C_14_6,Untagged,C_14_6_Untagged,14,control,Post2,16/03/2024,,,,33,1264.69,158.992,12.3456,23,175.842,39,50.2167
C_14_6,Untagged,C_14_6_Untagged,14,control,Post3,19/03/2024,,,,36,78.3718,14.6813,1.001,6,17.1838,8,10.1768
C_14_6,Untagged,C_14_6_Untagged,14,control,Post4,22/03/2024,,,,25,23.8181,5.83915,1.001,3,7.84115,3,7.84115
C_14_6,Yellow,C_14_6_Yellow,14,control,Pre1,16/02/2024,8,5.8,,32,1864.07,227.894,20.5205,24,252.919,37,50.3836
C_14_6,Yellow,C_14_6_Yellow,14,control,Pre2,19/02/2024,8,5.8,,41,1791.62,251.918,60.7273,24,317.15,37,99.9331
C_14_6,Yellow,C_14_6_Yellow,14,control,Pre3,22/02/2024,8,5.8,,41,2588.07,369.035,60.7273,23,435.101,38,79.0789
C_14_6,Yellow,C_14_6_Yellow,14,control,Pre4,25/02/2024,8,5.8,,112,2413.39,305.805,47.047,31,359.526,59,91.7583
C_14_6,Yellow,C_14_6_Yellow,14,control,Post1,13/03/2024,8,5.8,,39,1126.26,141.475,11.011,27,158.992,46,64.2308
C_14_6,Yellow,C_14_6_Yellow,14,control,Post2,16/03/2024,8,5.8,,35,758.837,107.607,17.5175,14,127.961,23,33.3666
C_14_6,Yellow,C_14_6_Yellow,14,control,Post3,19/03/2024,8,5.8,,38,1568.51,192.692,28.8621,27,227.394,44,71.2378
C_14_6,Yellow,C_14_6_Yellow,14,control,Post4,22/03/2024,8,5.8,,27,3035.7,350.683,28.6953,24,383.716,41,60.7273
C_14_7,Blue,C_14_7_Blue,14,control,Pre1,16/02/2024,9.4,9,,Never Leaves,0,0,0,0,0,0,0
C_14_7,Blue,C_14_7_Blue,14,control,Pre2,19/02/2024,9.4,9,,46,694.103,82.0819,31.6983,21,119.786,31,90.4236
C_14_7,Blue,C_14_7_Blue,14,control,Pre3,22/02/2024,9.4,9,,46,995.136,98.7653,5.17183,23,108.608,35,59.8931
C_14_7,Blue,C_14_7_Blue,14,control,Pre4,25/02/2024,9.4,9,,117,1445.46,130.297,4.004,23,140.64,35,63.2298
C_14_7,Blue,C_14_7_Blue,14,control,Post1,14/03/2024,9.4,9,,43,1069.47,115.449,30.1968,25,151.318,41,70.4036
C_14_7,Blue,C_14_7_Blue,14,control,Post2,16/03/2024,9.4,9,,38,1990.39,202.702,28.028,43,240.573,62,121.955
C_14_7,Blue,C_14_7_Blue,14,control,Post3,19/03/2024,9.4,9,,42,-,-,-,-,-,-,-
C_14_7,Blue,C_14_7_Blue,14,control,Post4,22/03/2024,9.4,9,,31,217.512,36.7033,90.0899,3,127.627,4,13.5135
C_14_7,Orange,C_14_7_Orange,14,control,Pre1,16/02/2024,8.7,7.4,,37,982.1,120.62,17.5175,22,142.475,34,77.5773
C_14_7,Orange,C_14_7_Orange,14,control,Pre2,19/02/2024,8.7,7.4,,47,656.347,84.5843,11.5115,23,99.933,31,52.7192
C_14_7,Orange,C_14_7_Orange,14,control,Pre3,22/02/2024,8.7,7.4,,Never leaves,0,0,0,0,0,0,0
C_14_7,Orange,C_14_7_Orange,14,control,Pre4,25/02/2024,8.7,7.4,,118,1481.37,150.483,6.00599,29,163.663,43,61.3945
C_14_7,Orange,C_14_7_Orange,14,control,Post1,14/03/2024,8.7,7.4,,44,1270.65,111.278,5.00499,19,120.62,31,38.7053
C_14_7,Orange,C_14_7_Orange,14,control,Post2,16/03/2024,8.7,7.4,,39,976.021,129.462,9.00898,32,145.312,51,81.4145
C_14_7,Orange,C_14_7_Orange,14,control,Post3,19/03/2024,8.7,7.4,,43,958.044,112.946,6.33965,27,126.459,34,57.8911
C_14_7,Orange,C_14_7_Orange,14,control,Post4,22/03/2024,8.7,7.4,,32,2501.56,255.421,11.8451,36,274.774,62,76.4095
C_14_7,Pink,C_14_7_Pink,14,control,Pre1,16/02/2024,8.5,6.5,,38,3957.31,418.418,56.2228,29,479.812,55,88.2548
C_14_7,Pink,C_14_7_Pink,14,control,Pre2,19/02/2024,8.5,6.5,,48,682.113,90.4235,310.977,13,403.569,24,319.318
C_14_7,Pink,C_14_7_Pink,14,control,Pre3,22/02/2024,8.5,6.5,,47,3641.87,393.059,22.8561,26,421.42,52,63.5634
C_14_7,Pink,C_14_7_Pink,14,control,Pre4,25/02/2024,8.5,6.5,,119,4001.51,383.382,11.1778,36,401.233,69,77.0768
C_14_7,Pink,C_14_7_Pink,14,control,Post1,14/03/2024,8.5,6.5,,45,3866.58,389.055,27.6943,29,422.254,54,77.2437
C_14_7,Pink,C_14_7_Pink,14,control,Post2,16/03/2024,8.5,6.5,,40,2683.93,314.981,81.5813,36,402.735,64,107.941
C_14_7,Pink,C_14_7_Pink,14,control,Post3,19/03/2024,8.5,6.5,,44,1849.72,202.202,13.8471,15,219.052,29,50.0499
C_14_7,Pink,C_14_7_Pink,14,control,Post4,22/03/2024,8.5,6.5,,33,1349.76,182.682,417.416,1,600.265,1,1.5015
C_14_7,Yellow,C_14_7_Yellow,14,control,Pre1,16/02/2024,9.8,9.8,,Never Leaves,0,0,0,0,0,0,0
C_14_7,Yellow,C_14_7_Yellow,14,control,Pre2,19/02/2024,9.8,9.8,,Never leaves,0,0,0,0,0,0,0
C_14_7,Yellow,C_14_7_Yellow,14,control,Pre3,22/02/2024,9.8,9.8,,48,831.958,97.7643,98.0979,16,199.199,29,146.48
C_14_7,Yellow,C_14_7_Yellow,14,control,Pre4,25/02/2024,9.8,9.8,,120,843.138,104.604,51.8851,20,160.494,30,112.279
C_14_7,Yellow,C_14_7_Yellow,14,control,Post1,14/03/2024,9.8,9.8,,46,2563.6,172.809,116.343,24,324.324,41,224.557
C_14_7,Yellow,C_14_7_Yellow,14,control,Post2,16/03/2024,9.8,9.8,,41,1220.21,136.636,20.02,30,166.166,46,83.5834
C_14_7,Yellow,C_14_7_Yellow,14,control,Post3,19/03/2024,9.8,9.8,,45,1838.99,159.826,3.003,24,168.001,41,63.2298
C_14_7,Yellow,C_14_7_Yellow,14,control,Post4,22/03/2024,9.8,9.8,,34,867.911,101.768,7.34066,19,113.447,24,55.7223
C_14_8,Blue,C_14_8_Blue,14,control,Pre1,17/02/2024,7.6,4.7,,43,1220.52,154.154,277.944,29,438.938,47,103.937
C_14_8,Blue,C_14_8_Blue,14,control,Pre2,20/02/2024,7.6,4.7,,53,3094.5,340.673,36.7033,43,387.053,86,124.291
C_14_8,Blue,C_14_8_Blue,14,control,Pre3,23/02/2024,7.6,4.7,,53,3185.46,379.879,14.014,38,402.068,72,113.613
C_14_8,Blue,C_14_8_Blue,14,control,Pre4,26/02/2024,7.6,4.7,,124,3044.09,334.834,26.3596,47,372.705,90,132.466
C_14_8,Blue,C_14_8_Blue,14,control,Post1,14/03/2024,7.6,4.7,,49,2611.87,311.978,93.4266,36,413.746,68,138.972
C_14_8,Blue,C_14_8_Blue,14,control,Post2,17/03/2024,7.6,4.7,,45,2002.66,247.58,41.8751,30,296.629,59,118.285
C_14_8,Blue,C_14_8_Blue,14,control,Post3,20/03/2024,7.6,4.7,,50,1586.87,197.697,24.5245,29,228.895,51,107.941
C_14_8,Blue,C_14_8_Blue,14,control,Post4,23/03/2024,7.6,4.7,,38,3049.32,315.815,11.011,35,334.334,69,107.607
C_14_8,Orange,C_14_8_Orange,14,control,Pre1,17/02/2024,8.4,5.6,,44,4620.56,399.566,42.3756,41,449.282,83,123.123
C_14_8,Orange,C_14_8_Orange,14,control,Pre2,20/02/2024,8.4,5.6,,54,3780.44,332.498,4.17082,49,346.512,94,107.44
C_14_8,Orange,C_14_8_Orange,14,control,Pre3,23/02/2024,8.4,5.6,,54,2284.68,175.842,0.834165,25,183.516,44,49.0489
C_14_8,Orange,C_14_8_Orange,14,control,Pre4,26/02/2024,8.4,5.6,,125,2078.32,210.877,19.5195,32,238.571,58,99.5993
C_14_8,Orange,C_14_8_Orange,14,control,Post1,14/03/2024,8.4,5.6,,50,1149.89,148.648,9.50948,42,166.833,61,86.92
C_14_8,Orange,C_14_8_Orange,14,control,Post2,17/03/2024,8.4,5.6,,46,1086.15,106.773,5.33866,17,115.282,29,41.0409
C_14_8,Orange,C_14_8_Orange,14,control,Post3,20/03/2024,8.4,5.6,,51,1810.57,164.497,5.33866,40,178.511,63,79.5793
C_14_8,Orange,C_14_8_Orange,14,control,Post4,23/03/2024,8.4,5.6,,39,2170.64,186.186,6.33965,36,199.866,63,74.908
C_14_8,Pink,C_14_8_Pink,14,control,Pre1,17/02/2024,8,5,,45,3437.47,297.964,5.33866,32,308.808,58,78.7452
C_14_8,Pink,C_14_8_Pink,14,control,Pre2,20/02/2024,8,5,,55,5262.05,427.76,5.50549,48,442.775,96,99.7661
C_14_8,Pink,C_14_8_Pink,14,control,Pre3,23/02/2024,8,5,,55,4963.98,383.716,8.50848,50,400.9,98,92.926
C_14_8,Pink,C_14_8_Pink,14,control,Pre4,26/02/2024,8,5,,126,4392.5,386.052,17.017,46,413.245,83,110.777
C_14_8,Pink,C_14_8_Pink,14,control,Post1,14/03/2024,8,5,,51,1843.19,189.856,7.34065,43,206.039,67,80.2467
C_14_8,Pink,C_14_8_Pink,14,control,Post2,17/03/2024,8,5,,47,4627.29,334.333,5.33866,43,347.68,84,93.5933
C_14_8,Pink,C_14_8_Pink,14,control,Post3,20/03/2024,8,5,,52,764.319,79.4125,1.16783,12,83.0828,21,28.3616
C_14_8,Pink,C_14_8_Pink,14,control,Post4,23/03/2024,8,5,,40,1872.02,223.223,294.127,16,520.018,28,108.775
C_14_8,Yellow,C_14_8_Yellow,14,control,Pre1,17/02/2024,7.9,4.8,,46,5422.69,518.184,11.3447,21,533.866,41,37.5375
C_14_8,Yellow,C_14_8_Yellow,14,control,Pre2,20/02/2024,7.9,4.8,,56,4268.11,467.967,11.6783,32,485.651,60,82.2488
C_14_8,Yellow,C_14_8_Yellow,14,control,Pre3,23/02/2024,7.9,4.8,,56,3471,392.392,85.4186,33,484.984,68,109.943
C_14_8,Yellow,C_14_8_Yellow,14,control,Pre4,26/02/2024,7.9,4.8,,127,1886.99,221.054,15.5155,22,241.908,39,61.0609
C_14_8,Yellow,C_14_8_Yellow,14,control,Post1,14/03/2024,7.9,4.8,,52,1940.68,234.401,25.025,34,266.433,54,86.7533
C_14_8,Yellow,C_14_8_Yellow,14,control,Post2,17/03/2024,7.9,4.8,,48,3857.62,397.564,32.032,34,436.269,60,76.9101
C_14_8,Yellow,C_14_8_Yellow,14,control,Post3,20/03/2024,7.9,4.8,,53,2139.94,219.719,5.5055,31,230.897,54,62.5624
C_14_8,Yellow,C_14_8_Yellow,14,control,Post4,23/03/2024,7.9,4.8,,41,3600.85,396.896,14.1808,28,416.416,54,70.9041
C_14_9,Blue,C_14_9_Blue,14,control,Pre1,17/02/2024,7.1,3.5,,51,4706.98,444.277,16.5165,38,467.633,74,90.5904
C_14_9,Blue,C_14_9_Blue,14,control,Pre2,20/02/2024,7.1,3.5,,61,2825.79,247.747,7.00699,40,266.266,66,78.4116
C_14_9,Blue,C_14_9_Blue,14,control,Pre3,23/02/2024,7.1,3.5,,60,1792.55,172.672,3.003,31,184.851,51,58.2248
C_14_9,Blue,C_14_9_Blue,14,control,Pre4,26/02/2024,7.1,3.5,,132,2092.14,193.193,3.003,29,202.869,54,59.5595
C_14_9,Blue,C_14_9_Blue,14,control,Post1,14/03/2024,7.1,3.5,,56,1405.03,161.828,33.1998,32,201.701,52,79.4126
C_14_9,Blue,C_14_9_Blue,14,control,Post2,17/03/2024,7.1,3.5,,52,867.551,94.2608,5.50549,19,103.937,28,39.8731
C_14_9,Blue,C_14_9_Blue,14,control,Post3,20/03/2024,7.1,3.5,,57,1816.24,209.876,14.8482,23,230.563,38,52.5525
C_14_9,Blue,C_14_9_Blue,14,control,Post4,23/03/2024,7.1,3.5,,45,2068.74,229.729,22.3557,30,260.427,48,85.0849
C_14_9,Orange,C_14_9_Orange,14,control,Pre1,17/02/2024,7.2,3.8,,Never Leaves,0,0,0,0,0,0,0
C_14_9,Orange,C_14_9_Orange,14,control,Pre2,20/02/2024,7.2,3.8,,Never leaves,0,0,0,0,0,0,0
C_14_9,Orange,C_14_9_Orange,14,control,Pre3,23/02/2024,7.2,3.8,,61,775.558,94.2606,3.67033,18,101.434,27,41.5414
C_14_9,Orange,C_14_9_Orange,14,control,Pre4,26/02/2024,7.2,3.8,,133,363.366,42.0419,2.66933,10,47.2137,15,20.8541
C_14_9,Orange,C_14_9_Orange,14,control,Post1,14/03/2024,7.2,3.8,DIED,MISSING,NA,NA,NA,NA,NA,NA,NA
C_14_9,Orange,C_14_9_Orange,14,control,Post2,17/03/2024,7.2,3.8,DIED,MISSING,NA,NA,NA,NA,NA,NA,NA
C_14_9,Orange,C_14_9_Orange,14,control,Post3,20/03/2024,7.2,3.8,DIED,MISSING,NA,NA,NA,NA,NA,NA,NA
C_14_9,Orange,C_14_9_Orange,14,control,Post4,23/03/2024,7.2,3.8,DIED,MISSING,NA,NA,NA,NA,NA,NA,NA
C_14_9,Pink,C_14_9_Pink,14,control,Pre1,17/02/2024,7.2,3.8,,52,2788.28,243.409,3.67033,32,254.587,61,73.5734
C_14_9,Pink,C_14_9_Pink,14,control,Pre2,20/02/2024,7.2,3.8,,62,4825.52,405.905,5.00499,42,418.584,77,78.4115
C_14_9,Pink,C_14_9_Pink,14,control,Pre3,23/02/2024,7.2,3.8,,62,4390.83,434.433,7.50748,30,447.112,55,61.3945
C_14_9,Pink,C_14_9_Pink,14,control,Pre4,26/02/2024,7.2,3.8,,134,3826.91,316.983,1.66833,29,324.157,55,52.2187
C_14_9,Pink,C_14_9_Pink,14,control,Post1,14/03/2024,7.2,3.8,,57,683.431,62.5624,0.333666,8,64.2307,14,14.6813
C_14_9,Pink,C_14_9_Pink,14,control,Post2,17/03/2024,7.2,3.8,,53,822.352,86.92,2.66933,11,93.2596,17,20.02
C_14_9,Pink,C_14_9_Pink,14,control,Post3,20/03/2024,7.2,3.8,,58,3945.86,379.545,9.67631,31,395.728,55,59.5594
C_14_9,Pink,C_14_9_Pink,14,control,Post4,23/03/2024,7.2,3.8,,46,2207.18,244.077,3.83716,27,254.42,44,54.5544
C_14_9,Yellow,C_14_9_Yellow,14,control,Pre1,17/02/2024,7.9,5.5,,Never Leaves,0,0,0,0,0,0,0
C_14_9,Yellow,C_14_9_Yellow,14,control,Pre2,20/02/2024,7.9,5.5,,63,2848.85,303.636,17.5175,42,328.995,71,102.102
C_14_9,Yellow,C_14_9_Yellow,14,control,Pre3,23/02/2024,7.9,5.5,,63,2701.45,293.793,26.3596,50,330.83,78,113.447
C_14_9,Yellow,C_14_9_Yellow,14,control,Pre4,26/02/2024,7.9,5.5,,135,2373.99,226.059,9.17582,26,239.906,48,56.056
C_14_9,Yellow,C_14_9_Yellow,14,control,Post1,14/03/2024,7.9,5.5,,Never Leaves,0,0,0,0,0,0,0
C_14_9,Yellow,C_14_9_Yellow,14,control,Post2,17/03/2024,7.9,5.5,,Never Leaves,0,0,0,0,0,0,0
C_14_9,Yellow,C_14_9_Yellow,14,control,Post3,20/03/2024,7.9,5.5,,Never Leaves,0,0,0,0,0,0,0
C_14_9,Yellow,C_14_9_Yellow,14,control,Post4,23/03/2024,7.9,5.5,,47,3458.82,281.114,4.33766,54,295.295,89,81.9151
E_14_1,Blue,E_14_1_Blue,14,exposed,Pre1,15/02/2024,7.5,3.7,,3,4967.23,522.355,17.6843,18,544.043,45,54.8881
E_14_1,Blue,E_14_1_Blue,14,exposed,Pre2,18/02/2024,7.5,3.7,,5,4770.2,477.477,23.6903,22,504.837,42,54.2208
E_14_1,Blue,E_14_1_Blue,14,exposed,Pre3,21/02/2024,7.5,3.7,,4,2562.39,247.747,16.6833,22,268.601,44,70.5704
E_14_1,Blue,E_14_1_Blue,14,exposed,Pre4,24/02/2024,7.5,3.7,,78,1784.08,190.524,50.5505,19,245.745,40,98.5984
E_14_1,Blue,E_14_1_Blue,14,exposed,Post1,12/03/2024,7.5,3.7,,4,141.52,17.5175,26.1928,3,44.2108,6,20.02
E_14_1,Blue,E_14_1_Blue,14,exposed,Post2,15/03/2024,7.5,3.7,DIED,MISSING,NA,NA,NA,NA,NA,NA,NA
E_14_1,Blue,E_14_1_Blue,14,exposed,Post3,18/03/2024,7.5,3.7,DIED,MISSING,NA,NA,NA,NA,NA,NA,NA
E_14_1,Blue,E_14_1_Blue,14,exposed,Post4,21/03/2024,7.5,3.7,DIED,MISSING,NA,NA,NA,NA,NA,NA,NA
E_14_1,Orange,E_14_1_Orange,14,exposed,Pre1,15/02/2024,7.4,3.6,,4,3241.92,299.465,44.8781,22,349.015,47,83.0828
E_14_1,Orange,E_14_1_Orange,14,exposed,Pre2,18/02/2024,7.4,3.6,,6_untag,2452.36,214.547,179.012,37,400.9,59,275.108
E_14_1,Orange,E_14_1_Orange,14,exposed,Pre3,21/02/2024,7.4,3.6,,5,4587.61,379.045,11.6783,39,397.396,69,92.0918
E_14_1,Orange,E_14_1_Orange,14,exposed,Pre4,24/02/2024,7.4,3.6,,79_notag,2104.5,261.427,48.7152,50,321.654,82,154.654
E_14_1,Orange,E_14_1_Orange,14,exposed,Post1,12/03/2024,7.4,3.6,,5_Untag,3144.52,309.809,38.2048,29,353.352,56,101.434
E_14_1,Orange,E_14_1_Orange,14,exposed,Post2,15/03/2024,7.4,3.6,,5_Untag,2005.06,199.365,88.2547,25,292.792,45,156.99
E_14_1,Orange,E_14_1_Orange,14,exposed,Post3,18/03/2024,7.4,3.6,,Untag_5,1092.47,111.611,5.83915,36,125.458,47,70.5704
E_14_1,Orange,E_14_1_Orange,14,exposed,Post4,21/03/2024,7.4,3.6,,Untag_3,996.687,114.614,4.50449,37,128.295,54,67.5674
E_14_1,Pink,E_14_1_Pink,14,exposed,Pre1,15/02/2024,8.5,6.3,,Never Leaves,0,0,0,0,0,0,0
E_14_1,Pink,E_14_1_Pink,14,exposed,Pre2,18/02/2024,8.5,6.3,,Never leaves,0,0,0,0,0,0,0
E_14_1,Pink,E_14_1_Pink,14,exposed,Pre3,21/02/2024,8.5,6.3,,6,780.259,51.2177,0.333666,9,54.7212,15,16.5165
E_14_1,Pink,E_14_1_Pink,14,exposed,Pre4,24/02/2024,8.5,6.3,,Never leaves,0,0,0,0,0,0,0
E_14_1,Pink,E_14_1_Pink,14,exposed,Post1,12/03/2024,8.5,6.3,,6,661.446,57.2237,8.17482,6,66.5664,11,18.8521
E_14_1,Pink,E_14_1_Pink,14,exposed,Post2,15/03/2024,8.5,6.3,DIED,MISSING,NA,NA,NA,NA,NA,NA,NA
E_14_1,Pink,E_14_1_Pink,14,exposed,Post3,18/03/2024,8.5,6.3,DIED,MISSING,NA,NA,NA,NA,NA,NA,NA
E_14_1,Pink,E_14_1_Pink,14,exposed,Post4,21/03/2024,8.5,6.3,DIED,MISSING,NA,NA,NA,NA,NA,NA,NA
E_14_1,Yellow,E_14_1_Yellow,14,exposed,Pre1,15/02/2024,8.8,7.3,,5,4442.14,498.498,30.6973,13,531.531,35,49.7163
E_14_1,Yellow,E_14_1_Yellow,14,exposed,Pre2,18/02/2024,8.8,7.3,,7,1345.89,145.478,164.331,19,313.646,33,161.995
E_14_1,Yellow,E_14_1_Yellow,14,exposed,Pre3,21/02/2024,8.8,7.3,,7,3538.19,389.222,94.5944,25,488.321,46,121.955
E_14_1,Yellow,E_14_1_Yellow,14,exposed,Pre4,24/02/2024,8.8,7.3,,80,2717.46,344.511,113.113,32,464.297,57,115.782
E_14_1,Yellow,E_14_1_Yellow,14,exposed,Post1,12/03/2024,8.8,7.3,,7,1671.69,161.495,53.053,19,218.218,33,77.4106
E_14_1,Yellow,E_14_1_Yellow,14,exposed,Post2,15/03/2024,8.8,7.3,,6,907.038,106.44,12.6793,26,125.625,40,47.7143
E_14_1,Yellow,E_14_1_Yellow,14,exposed,Post3,18/03/2024,8.8,7.3,,6,2897.31,288.121,15.8492,36,310.143,64,77.9111
E_14_1,Yellow,E_14_1_Yellow,14,exposed,Post4,21/03/2024,8.8,7.3,,4,969.738,119.953,29.5295,29,156.656,40,68.0679
E_14_10,Blue,E_14_10_Blue,14,exposed,Pre1,17/02/2024,10.1,10.9,,Never Leaves,0,0,0,0,0,0,0
E_14_10,Blue,E_14_10_Blue,14,exposed,Pre2,20/02/2024,10.1,10.9,,72,548.145,48.8821,3.16983,12,55.0549,18,30.0299
E_14_10,Blue,E_14_10_Blue,14,exposed,Pre3,23/02/2024,10.1,10.9,,71,2342.61,254.587,78.9121,41,343.009,70,198.365
E_14_10,Blue,E_14_10_Blue,14,exposed,Pre4,26/02/2024,10.1,10.9,,Never leaves,0,0,0,0,0,0,0
E_14_10,Blue,E_14_10_Blue,14,exposed,Post1,14/03/2024,10.1,10.9,,Never Leaves,0,0,0,0,0,0,0
E_14_10,Blue,E_14_10_Blue,14,exposed,Post2,17/03/2024,10.1,10.9,,Never Leaves,0,0,0,0,0,0,0
E_14_10,Blue,E_14_10_Blue,14,exposed,Post3,20/03/2024,10.1,10.9,,66,196.478,17.017,0.333666,3,17.8512,5,7.17383
E_14_10,Blue,E_14_10_Blue,14,exposed,Post4,23/03/2024,10.1,10.9,,Never leaves,0,0,0,0,0,0,0
E_14_10,Orange,E_14_10_Orange,14,exposed,Pre1,17/02/2024,9.5,8.5,,59,640.818,97.4305,78.0778,20,179.679,28,131.131
E_14_10,Orange,E_14_10_Orange,14,exposed,Pre2,20/02/2024,9.5,8.5,,73,481.345,84.4176,108.608,13,196.53,20,162.329
E_14_10,Orange,E_14_10_Orange,14,exposed,Pre3,23/02/2024,9.5,8.5,,72,1972.6,266.766,65.2317,39,341.34,59,152.652
E_14_10,Orange,E_14_10_Orange,14,exposed,Pre4,26/02/2024,9.5,8.5,,144,2535.46,314.647,27.5274,45,353.686,75,123.456
E_14_10,Orange,E_14_10_Orange,14,exposed,Post1,14/03/2024,9.5,8.5,,65,3069,348.014,54.7212,21,408.574,36,73.7402
E_14_10,Orange,E_14_10_Orange,14,exposed,Post2,17/03/2024,9.5,8.5,,61,1090.4,157.157,33.7003,35,198.531,52,101.268
E_14_10,Orange,E_14_10_Orange,14,exposed,Post3,20/03/2024,9.5,8.5,,67,3174.14,368.701,48.7152,33,423.422,57,111.945
E_14_10,Orange,E_14_10_Orange,14,exposed,Post4,23/03/2024,9.5,8.5,,55,1286.28,164.998,10.3436,37,182.682,54,81.0808
E_14_10,Pink,E_14_10_Pink,14,exposed,Pre1,17/02/2024,9,7.2,,60,1636.94,147.314,3.33666,14,153.82,29,47.2137
E_14_10,Pink,E_14_10_Pink,14,exposed,Pre2,20/02/2024,9,7.2,,74,2105.74,208.875,7.84116,30,223.39,49,86.5864
E_14_10,Pink,E_14_10_Pink,14,exposed,Pre3,23/02/2024,9,7.2,,73,1724.17,185.685,9.84315,33,204.537,48,61.7282
E_14_10,Pink,E_14_10_Pink,14,exposed,Pre4,26/02/2024,9,7.2,,145,2469.2,244.911,11.8451,31,263.262,53,67.5674
E_14_10,Pink,E_14_10_Pink,14,exposed,Post1,14/03/2024,9,7.2,,66,1954.12,215.715,19.3526,34,242.408,52,86.4195
E_14_10,Pink,E_14_10_Pink,14,exposed,Post2,17/03/2024,9,7.2,,62,914.735,98.5983,4.67132,18,108.942,27,43.2097
E_14_10,Pink,E_14_10_Pink,14,exposed,Post3,20/03/2024,9,7.2,,68,1211.74,112.445,2.50249,22,119.786,36,36.2028
E_14_10,Pink,E_14_10_Pink,14,exposed,Post4,23/03/2024,9,7.2,,56,634.89,80.4135,4.17082,24,89.2557,35,43.8771
E_14_10,Yellow,E_14_10_Yellow,14,exposed,Pre1,17/02/2024,9.4,8,,Never Leaves,0,0,0,0,0,0,0
E_14_10,Yellow,E_14_10_Yellow,14,exposed,Pre2,20/02/2024,9.4,8,,75,584.267,65.0649,5.50549,16,74.908,23,40.8741
E_14_10,Yellow,E_14_10_Yellow,14,exposed,Pre3,23/02/2024,9.4,8,,74,1181.92,130.964,48.048,27,187.187,41,128.295
E_14_10,Yellow,E_14_10_Yellow,14,exposed,Pre4,26/02/2024,9.4,8,,146,4502.97,374.207,9.67633,56,393.893,102,118.618
E_14_10,Yellow,E_14_10_Yellow,14,exposed,Post1,14/03/2024,9.4,8,,67,2952.18,243.576,19.1858,41,271.938,78,108.775
E_14_10,Yellow,E_14_10_Yellow,14,exposed,Post2,17/03/2024,9.4,8,,63,1483.56,116.283,6.84016,22,127.961,41,46.8801
E_14_10,Yellow,E_14_10_Yellow,14,exposed,Post3,20/03/2024,9.4,8,,69,3621.15,313.646,13.5135,48,336.836,82,105.772
E_14_10,Yellow,E_14_10_Yellow,14,exposed,Post4,23/03/2024,9.4,8,,57,3121.76,269.602,12.1788,50,292.792,87,119.453
E_14_2,Blue,E_14_2_Blue,14,exposed,Pre1,15/02/2024,8.2,5.8,,8,4031.37,462.628,88.7552,12,553.719,22,44.2107
E_14_2,Blue,E_14_2_Blue,14,exposed,Pre2,18/02/2024,8.2,5.8,,12,655.038,93.2596,33.7003,26,134.467,32,98.2646
E_14_2,Blue,E_14_2_Blue,14,exposed,Pre3,21/02/2024,8.2,5.8,,12,2550.8,268.435,26.026,24,300.467,43,74.4076
E_14_2,Blue,E_14_2_Blue,14,exposed,Pre4,24/02/2024,8.2,5.8,,85,1279.19,128.378,4.75475,18,134.634,27,30.6973
E_14_2,Blue,E_14_2_Blue,14,exposed,Post1,12/03/2024,8.2,5.8,,12,2534.16,230.73,9.17582,21,243.41,42,49.049
E_14_2,Blue,E_14_2_Blue,14,exposed,Post2,15/03/2024,8.2,5.8,,10,574.598,64.3976,2.002,7,67.5674,13,19.019
E_14_2,Blue,E_14_2_Blue,14,exposed,Post3,18/03/2024,8.2,5.8,,10,983.623,136.136,38.3716,19,179.513,31,78.2448
E_14_2,Blue,E_14_2_Blue,14,exposed,Post4,21/03/2024,8.2,5.8,,8,1501.04,145.979,39.8731,15,188.522,29,77.9111
E_14_2,Orange,E_14_2_Orange,14,exposed,Pre1,15/02/2024,8,5.6,,Never Leaves,0,0,0,0,0,0,0
E_14_2,Orange,E_14_2_Orange,14,exposed,Pre2,18/02/2024,8,5.6,,13,11.0453,3.5035,1.66833,1,5.50549,1,5.50549
E_14_2,Orange,E_14_2_Orange,14,exposed,Pre3,21/02/2024,8,5.6,,Never Leaves,0,0,0,0,0,0,0
E_14_2,Orange,E_14_2_Orange,14,exposed,Pre4,24/02/2024,8,5.6,,Never leaves,0,0,0,0,0,0,0
E_14_2,Orange,E_14_2_Orange,14,exposed,Post1,12/03/2024,8,5.6,,Never Leaves,0,0,0,0,0,0,0
E_14_2,Orange,E_14_2_Orange,14,exposed,Post2,15/03/2024,8,5.6,,Never Leaves,0,0,0,0,0,0,0
E_14_2,Orange,E_14_2_Orange,14,exposed,Post3,18/03/2024,8,5.6,,11,546.353,45.5454,3.16983,5,49.5494,9,12.012
E_14_2,Orange,E_14_2_Orange,14,exposed,Post4,21/03/2024,8,5.6,,Never Leaves,0,0,0,0,0,0,0
E_14_2,Pink,E_14_2_Pink,14,exposed,Pre1,15/02/2024,8.4,6.2,,Never Leaves,0,0,0,0,0,0,0
E_14_2,Pink,E_14_2_Pink,14,exposed,Pre2,18/02/2024,8.4,6.2,,14,3725.6,337.67,15.3486,37,359.692,70,95.929
E_14_2,Pink,E_14_2_Pink,14,exposed,Pre3,21/02/2024,8.4,6.2,,13,2793.25,267.433,24.8581,37,300.967,59,82.4155
E_14_2,Pink,E_14_2_Pink,14,exposed,Pre4,24/02/2024,8.4,6.2,,86,3503.28,333.499,16.5165,35,360.359,62,79.4125
E_14_2,Pink,E_14_2_Pink,14,exposed,Post1,12/03/2024,8.4,6.2,,13,1574.61,163.163,17.8511,22,185.685,34,47.3806
E_14_2,Pink,E_14_2_Pink,14,exposed,Post2,15/03/2024,8.4,6.2,,11,1342.77,161.828,32.0319,31,201.201,49,64.0639
E_14_2,Pink,E_14_2_Pink,14,exposed,Post3,18/03/2024,8.4,6.2,,12,1881.38,200.033,14.6813,27,220.386,40,54.2207
E_14_2,Pink,E_14_2_Pink,14,exposed,Post4,21/03/2024,8.4,6.2,,9,500.197,51.5514,0.333666,14,54.2207,23,26.1928
E_14_2,Yellow,E_14_2_Yellow,14,exposed,Pre1,15/02/2024,8.3,6,,9,1211.15,116.283,3.83716,17,123.957,28,35.7023
E_14_2,Yellow,E_14_2_Yellow,14,exposed,Pre2,18/02/2024,8.3,6,,15,2097.06,190.524,34.7013,16,228.895,34,60.8941
E_14_2,Yellow,E_14_2_Yellow,14,exposed,Pre3,21/02/2024,8.3,6,,14,1743.21,200.7,115.782,17,320.487,60,150.317
E_14_2,Yellow,E_14_2_Yellow,14,exposed,Pre4,24/02/2024,8.3,6,,87,3362.98,306.306,37.8711,34,350.35,62,101.935
E_14_2,Yellow,E_14_2_Yellow,14,exposed,Post1,12/03/2024,8.3,6,,14,35.5308,5.17183,49.7163,3,55.5555,3,55.5555
E_14_2,Yellow,E_14_2_Yellow,14,exposed,Post2,15/03/2024,8.3,6,,12,549.489,60.8941,54.5545,6,116.616,11,49.8831
E_14_2,Yellow,E_14_2_Yellow,14,exposed,Post3,18/03/2024,8.3,6,,13,1015.31,121.455,3.83716,20,130.63,32,51.2178
E_14_2,Yellow,E_14_2_Yellow,14,exposed,Post4,21/03/2024,8.3,6,,10,549.807,59.059,1.33466,10,62.8961,17,25.3587
E_14_3,Blue,E_14_3_Blue,14,exposed,Pre1,15/02/2024,6.6,2.8,,Never Leaves,0,0,0,0,0,0,0
E_14_3,Blue,E_14_3_Blue,14,exposed,Pre2,18/02/2024,6.6,2.8,,20,2935.27,368.535,53.053,39,429.929,60,94.2608
E_14_3,Blue,E_14_3_Blue,14,exposed,Pre3,21/02/2024,6.6,2.8,,19,2877.58,339.172,48.7153,35,394.394,63,96.7633
E_14_3,Blue,E_14_3_Blue,14,exposed,Pre4,24/02/2024,6.6,2.8,,91,1990.21,208.541,3.5035,18,215.215,35,42.042
E_14_3,Blue,E_14_3_Blue,14,exposed,Post1,12/03/2024,6.6,2.8,,19,1577.1,167.501,64.7313,31,238.738,48,70.7373
E_14_3,Blue,E_14_3_Blue,14,exposed,Post2,15/03/2024,6.6,2.8,,17,829.985,81.7483,1.16783,11,85.0849,20,25.1918
E_14_3,Blue,E_14_3_Blue,14,exposed,Post3,18/03/2024,6.6,2.8,,18,1533.29,149.983,9.17583,23,162.996,43,43.8771
E_14_3,Blue,E_14_3_Blue,14,exposed,Post4,21/03/2024,6.6,2.8,,Never Leaves,0,0,0,0,0,0,0
E_14_3,Orange,E_14_3_Orange,14,exposed,Pre1,15/02/2024,6.4,2.7,,Never Leaves,0,0,0,0,0,0,0
E_14_3,Orange,E_14_3_Orange,14,exposed,Pre2,18/02/2024,6.4,2.7,,21,746.774,71.7383,2.16883,11,76.0759,21,28.5285
E_14_3,Orange,E_14_3_Orange,14,exposed,Pre3,21/02/2024,6.4,2.7,,20,415.06,36.5364,0.500499,5,38.2048,9,11.8451
E_14_3,Orange,E_14_3_Orange,14,exposed,Pre4,24/02/2024,6.4,2.7,,Never Leaves,0,0,0,0,0,0,0
E_14_3,Orange,E_14_3_Orange,14,exposed,Post1,12/03/2024,6.4,2.7,,20,95.717,9.17582,0.834165,3,11.6783,4,5.50549
E_14_3,Orange,E_14_3_Orange,14,exposed,Post2,15/03/2024,6.4,2.7,,Never Leaves,0,0,0,0,0,0,0
E_14_3,Orange,E_14_3_Orange,14,exposed,Post3,18/03/2024,6.4,2.7,,19,461.25,47.8811,1.83516,11,51.5514,16,19.8531
E_14_3,Orange,E_14_3_Orange,14,exposed,Post4,21/03/2024,6.4,2.7,,13,202.28,19.019,1.16783,2,20.5205,4,9.00898
E_14_3,Pink,E_14_3_Pink,14,exposed,Pre1,15/02/2024,7.2,3.8,,13,1571.16,141.641,1.5015,21,147.814,38,42.7092
E_14_3,Pink,E_14_3_Pink,14,exposed,Pre2,18/02/2024,7.2,3.8,,22_untqg,2174.85,206.372,11.5115,32,224.39,43,59.0589
E_14_3,Pink,E_14_3_Pink,14,exposed,Pre3,21/02/2024,7.2,3.8,,21_Untag,3148.51,321.154,10.1768,40,339.171,70,82.7492
E_14_3,Pink,E_14_3_Pink,14,exposed,Pre4,24/02/2024,7.2,3.8,,92,2127.13,222.222,6.84015,24,235.068,39,43.5434
E_14_3,Pink,E_14_3_Pink,14,exposed,Post1,12/03/2024,7.2,3.8,,21_Untag,584.123,68.902,1.5015,24,75.4085,34,36.0359
E_14_3,Pink,E_14_3_Pink,14,exposed,Post2,15/03/2024,7.2,3.8,,18_Untag,1254.7,115.448,2.66933,21,121.955,37,39.8731
E_14_3,Pink,E_14_3_Pink,14,exposed,Post3,18/03/2024,7.2,3.8,,Untag_20,1032.26,95.7621,5.17182,15,103.436,26,23.3566
E_14_3,Pink,E_14_3_Pink,14,exposed,Post4,21/03/2024,7.2,3.8,,Untag_14,250.338,33.1998,15.5155,11,50.5504,15,38.2048
E_14_3,Yellow,E_14_3_Yellow,14,exposed,Pre1,15/02/2024,7.9,4.4,,14,3854.66,362.529,12.1788,34,381.381,61,80.2468
E_14_3,Yellow,E_14_3_Yellow,14,exposed,Pre2,18/02/2024,7.9,4.4,,23,1732.84,173.506,8.00798,14,185.185,27,37.2038
E_14_3,Yellow,E_14_3_Yellow,14,exposed,Pre3,21/02/2024,7.9,4.4,,22,1721.62,217.717,20.1868,32,245.745,54,79.7463
E_14_3,Yellow,E_14_3_Yellow,14,exposed,Pre4,24/02/2024,7.9,4.4,,93,3154.44,359.526,13.3467,36,380.713,62,92.9261
E_14_3,Yellow,E_14_3_Yellow,14,exposed,Post1,12/03/2024,7.9,4.4,,22,1433.39,139.806,7.34066,29,155.489,45,55.7223
E_14_3,Yellow,E_14_3_Yellow,14,exposed,Post2,15/03/2024,7.9,4.4,,19,1338.22,154.988,8.84216,35,173.673,53,76.5764
E_14_3,Yellow,E_14_3_Yellow,14,exposed,Post3,18/03/2024,7.9,4.4,,21,627.624,102.769,5.005,40,117.784,56,83.5834
E_14_3,Yellow,E_14_3_Yellow,14,exposed,Post4,21/03/2024,7.9,4.4,,15,647.128,72.0719,3.16983,21,81.9151,30,34.7013
E_14_4,Blue,E_14_4_Blue,14,exposed,Pre1,16/02/2024,8.9,7.4,,Never Leaves,0,0,0,0,0,0,0
E_14_4,Blue,E_14_4_Blue,14,exposed,Pre2,19/02/2024,8.9,7.4,,28,1277.38,120.287,9.50949,24,136.136,38,52.3856
E_14_4,Blue,E_14_4_Blue,14,exposed,Pre3,22/02/2024,8.9,7.4,,27,4540.62,346.012,5.67233,52,361.861,96,86.4196
E_14_4,Blue,E_14_4_Blue,14,exposed,Pre4,25/02/2024,8.9,7.4,,98,1240.59,123.123,3.003,21,130.63,32,35.8691
E_14_4,Blue,E_14_4_Blue,14,exposed,Post1,13/03/2024,8.9,7.4,,27,1634.89,154.654,7.17383,26,167.667,45,61.3946
E_14_4,Blue,E_14_4_Blue,14,exposed,Post2,16/03/2024,8.9,7.4,,24,240.748,30.1968,2.33567,8,34.2008,11,15.015
E_14_4,Blue,E_14_4_Blue,14,exposed,Post3,19/03/2024,8.9,7.4,,25,1602.56,149.816,2.66933,34,159.159,55,62.8961
E_14_4,Blue,E_14_4_Blue,14,exposed,Post4,22/03/2024,8.9,7.4,,Never Leves,0,0,0,0,0,0,0
E_14_4,Orange,E_14_4_Orange,14,exposed,Pre1,16/02/2024,9.1,7.9,,19,3972.71,402.902,27.0269,28,435.935,56,81.4145
E_14_4,Orange,E_14_4_Orange,14,exposed,Pre2,19/02/2024,9.1,7.9,,never leaves,0,0,0,0,0,0,0
E_14_4,Orange,E_14_4_Orange,14,exposed,Pre3,22/02/2024,9.1,7.9,,28,2590.76,297.463,52.3856,41,359.025,69,140.473
E_14_4,Orange,E_14_4_Orange,14,exposed,Pre4,25/02/2024,9.1,7.9,,99,2585.6,308.808,69.7362,44,388.888,74,148.481
E_14_4,Orange,E_14_4_Orange,14,exposed,Post1,13/03/2024,9.1,7.9,,28,4077.24,413.412,125.292,20,542.541,39,137.304
E_14_4,Orange,E_14_4_Orange,14,exposed,Post2,16/03/2024,9.1,7.9,,MISSING,NA,NA,NA,NA,NA,NA,NA
E_14_4,Orange,E_14_4_Orange,14,exposed,Post3,19/03/2024,9.1,7.9,,26,3346.77,334.667,43.7102,31,384.717,54,94.5943
E_14_4,Orange,E_14_4_Orange,14,exposed,Post4,22/03/2024,9.1,7.9,,19,3523.52,362.695,55.5554,41,426.592,65,125.959
E_14_4,Pink,E_14_4_Pink,14,exposed,Pre1,16/02/2024,9.5,8.6,,Never Leaves,0,0,0,0,0,0,0
E_14_4,Pink,E_14_4_Pink,14,exposed,Pre2,19/02/2024,9.5,8.6,,29,326.287,46.3796,23.6903,10,71.905,14,37.2038
E_14_4,Pink,E_14_4_Pink,14,exposed,Pre3,22/02/2024,9.5,8.6,,29,1613.09,141.474,12.012,22,157.49,40,59.7262
E_14_4,Pink,E_14_4_Pink,14,exposed,Pre4,25/02/2024,9.5,8.6,,Never leaves,0,0,0,0,0,0,0
E_14_4,Pink,E_14_4_Pink,14,exposed,Post1,13/03/2024,9.5,8.6,,29,2060.28,189.355,12.012,31,206.539,56,57.2237
E_14_4,Pink,E_14_4_Pink,14,exposed,Post2,16/03/2024,9.5,8.6,,25,1901.9,170.503,12.3456,32,190.356,48,60.0599
E_14_4,Pink,E_14_4_Pink,14,exposed,Post3,19/03/2024,9.5,8.6,,27,234.498,23.023,0,2,23.5235,5,6.50649
E_14_4,Pink,E_14_4_Pink,14,exposed,Post4,22/03/2024,9.5,8.6,DIED,MISSING,NA,NA,NA,NA,NA,NA,NA
E_14_4,Yellow,E_14_4_Yellow,14,exposed,Pre1,16/02/2024,9.5,9.2,,20,1726.56,176.676,215.882,19,400.567,46,215.882
E_14_4,Yellow,E_14_4_Yellow,14,exposed,Pre2,19/02/2024,9.5,9.2,,30,3782.25,377.209,35.7023,36,420.419,69,130.63
E_14_4,Yellow,E_14_4_Yellow,14,exposed,Pre3,22/02/2024,9.5,9.2,,30,3398.94,352.852,23.3566,57,386.886,107,149.149
E_14_4,Yellow,E_14_4_Yellow,14,exposed,Pre4,25/02/2024,9.5,9.2,,100,3574.1,401.067,24.024,37,431.931,69,103.437
E_14_4,Yellow,E_14_4_Yellow,14,exposed,Post1,13/03/2024,9.5,9.2,,30,1428.72,181.014,26.5265,37,214.714,57,107.941
E_14_4,Yellow,E_14_4_Yellow,14,exposed,Post2,16/03/2024,9.5,9.2,,26,1019.07,136.136,13.013,33,155.655,52,84.9181
E_14_4,Yellow,E_14_4_Yellow,14,exposed,Post3,19/03/2024,9.5,9.2,,28,1131.02,135.802,15.3487,39,160.327,58,85.0849
E_14_4,Yellow,E_14_4_Yellow,14,exposed,Post4,22/03/2024,9.5,9.2,,20,1290.88,173.84,20.1868,47,206.373,69,114.614
E_14_5,Blue,E_14_5_Blue,14,exposed,Pre1,16/02/2024,8.2,5.8,,25,2499.9,270.77,14.3476,38,291.624,68,94.928
E_14_5,Blue,E_14_5_Blue,14,exposed,Pre2,19/02/2024,8.2,5.8,,35,1154.33,121.955,21.8551,14,146.313,24,50.2167
E_14_5,Blue,E_14_5_Blue,14,exposed,Pre3,22/02/2024,8.2,5.8,,35,511.19,54.2208,9.50949,13,66.0659,19,36.5365
E_14_5,Blue,E_14_5_Blue,14,exposed,Pre4,25/02/2024,8.2,5.8,,105,2775.28,273.273,10.5105,30,289.956,53,65.7323
E_14_5,Blue,E_14_5_Blue,14,exposed,Post1,13/03/2024,8.2,5.8,DIED,MISSING,NA,NA,NA,NA,NA,NA,NA
E_14_5,Blue,E_14_5_Blue,14,exposed,Post2,16/03/2024,8.2,5.8,DIED,MISSING,NA,NA,NA,NA,NA,NA,NA
E_14_5,Blue,E_14_5_Blue,14,exposed,Post3,19/03/2024,8.2,5.8,DIED,MISSING,NA,NA,NA,NA,NA,NA,NA
E_14_5,Blue,E_14_5_Blue,14,exposed,Post4,22/03/2024,8.2,5.8,DIED,MISSING,NA,NA,NA,NA,NA,NA,NA
E_14_5,Orange,E_14_5_Orange,14,exposed,Pre1,16/02/2024,7.7,4.8,,26,4026.07,319.152,3.5035,31,328.828,61,56.3896
E_14_5,Orange,E_14_5_Orange,14,exposed,Pre2,19/02/2024,7.7,4.8,,36,1387.25,122.122,2.16883,20,128.962,33,42.5425
E_14_5,Orange,E_14_5_Orange,14,exposed,Pre3,22/02/2024,7.7,4.8,,36,710.734,74.7412,2.002,17,80.0798,25,34.2008
E_14_5,Orange,E_14_5_Orange,14,exposed,Pre4,25/02/2024,7.7,4.8,,106,807.207,69.4025,0.667332,11,72.0719,21,23.023
E_14_5,Orange,E_14_5_Orange,14,exposed,Post1,13/03/2024,7.7,4.8,DIED,MISSING,NA,NA,NA,NA,NA,NA,NA
E_14_5,Orange,E_14_5_Orange,14,exposed,Post2,16/03/2024,7.7,4.8,DIED,MISSING,NA,NA,NA,NA,NA,NA,NA
E_14_5,Orange,E_14_5_Orange,14,exposed,Post3,19/03/2024,7.7,4.8,DIED,MISSING,NA,NA,NA,NA,NA,NA,NA
E_14_5,Orange,E_14_5_Orange,14,exposed,Post4,22/03/2024,7.7,4.8,DIED,MISSING,NA,NA,NA,NA,NA,NA,NA
E_14_5,Pink,E_14_5_Pink,14,exposed,Pre1,16/02/2024,7.6,5,,27,4918.88,520.686,28.5284,19,553.385,36,37.3706
E_14_5,Pink,E_14_5_Pink,14,exposed,Pre2,19/02/2024,7.6,5,,37,4798.12,475.808,15.6823,28,496.829,47,65.3986
E_14_5,Pink,E_14_5_Pink,14,exposed,Pre3,22/02/2024,7.6,5,,37,3948.59,424.59,32.8661,23,463.629,44,61.7282
E_14_5,Pink,E_14_5_Pink,14,exposed,Pre4,25/02/2024,7.6,5,,107,4621.48,485.651,63.7302,11,551.884,32,57.5574
E_14_5,Pink,E_14_5_Pink,14,exposed,Post1,13/03/2024,7.6,5,,34,2293.36,239.906,35.3686,38,284.951,61,97.931
E_14_5,Pink,E_14_5_Pink,14,exposed,Post2,16/03/2024,7.6,5,,30,2280.62,244.41,34.0339,41,288.788,69,90.924
E_14_5,Pink,E_14_5_Pink,14,exposed,Post3,19/03/2024,7.6,5,,33,970.388,105.105,395.227,5,501.5,8,67.7342
E_14_5,Pink,E_14_5_Pink,14,exposed,Post4,22/03/2024,7.6,5,,22,1611.05,177.51,9.34265,30,196.029,44,61.3945
E_14_5,Yellow,E_14_5_Yellow,14,exposed,Pre1,16/02/2024,8.5,6,,28,4820.16,440.273,10.6773,46,459.792,89,113.947
E_14_5,Yellow,E_14_5_Yellow,14,exposed,Pre2,19/02/2024,8.5,6,,77,740.86,74.2407,27.8611,14,105.939,22,64.898
E_14_5,Yellow,E_14_5_Yellow,14,exposed,Pre3,22/02/2024,8.5,6,,38,1113.22,123.79,52.052,13,178.178,22,74.4076
E_14_5,Yellow,E_14_5_Yellow,14,exposed,Pre4,25/02/2024,8.5,6,,108,4064.2,378.211,22.6893,42,408.408,86,89.7563
E_14_5,Yellow,E_14_5_Yellow,14,exposed,Post1,13/03/2024,8.5,6,,35,2686.35,258.925,7.50749,50,277.777,87,80.5804
E_14_5,Yellow,E_14_5_Yellow,14,exposed,Post2,16/03/2024,8.5,6,,31,1003.32,118.452,8.00799,43,135.969,62,72.0719
E_14_5,Yellow,E_14_5_Yellow,14,exposed,Post3,19/03/2024,8.5,6,,34,1919.83,176.676,9.17582,15,188.355,31,47.3806
E_14_5,Yellow,E_14_5_Yellow,14,exposed,Post4,22/03/2024,8.5,6,,23,2716.15,240.073,6.5065,34,253.42,61,82.7493
E_14_6,Blue,E_14_6_Blue,14,exposed,Pre1,16/02/2024,6.4,2.6,,33,4943.41,424.59,4.004,32,435.268,63,64.7313
E_14_6,Blue,E_14_6_Blue,14,exposed,Pre2,19/02/2024,6.4,2.6,,42,327.146,42.7093,39.7063,11,85.7523,16,61.2278
E_14_6,Blue,E_14_6_Blue,14,exposed,Pre3,22/02/2024,6.4,2.6,,42,2085.46,186.353,2.002,16,191.191,34,34.3676
E_14_6,Blue,E_14_6_Blue,14,exposed,Pre4,25/02/2024,6.4,2.6,,113,3288.1,276.443,4.33766,34,287.287,65,55.5555
E_14_6,Blue,E_14_6_Blue,14,exposed,Post1,13/03/2024,6.4,2.6,DIED,MISSING,NA,NA,NA,NA,NA,NA,NA
E_14_6,Blue,E_14_6_Blue,14,exposed,Post2,16/03/2024,6.4,2.6,DIED,MISSING,NA,NA,NA,NA,NA,NA,NA
E_14_6,Blue,E_14_6_Blue,14,exposed,Post3,19/03/2024,6.4,2.6,DIED,MISSING,NA,NA,NA,NA,NA,NA,NA
E_14_6,Blue,E_14_6_Blue,14,exposed,Post4,22/03/2024,6.4,2.6,DIED,MISSING,NA,NA,NA,NA,NA,NA,NA
E_14_6,Orange,E_14_6_Orange,14,exposed,Pre1,16/02/2024,6.4,2.6,,34,4950.49,414.58,8.34165,42,429.929,77,65.7322
E_14_6,Orange,E_14_6_Orange,14,exposed,Pre2,19/02/2024,6.4,2.6,,76,3050.96,249.082,7.34065,25,261.094,43,48.7152
E_14_6,Orange,E_14_6_Orange,14,exposed,Pre3,22/02/2024,6.4,2.6,,43_Untag,1562.46,162.829,10.1768,34,185.018,46,62.3955
E_14_6,Orange,E_14_6_Orange,14,exposed,Pre4,25/02/2024,6.4,2.6,,114_Untag,2299.41,200.033,7.50748,24,212.545,40,46.7132
E_14_6,Orange,E_14_6_Orange,14,exposed,Post1,13/03/2024,6.4,2.6,,41_untag,1162.22,97.931,2.16883,21,105.438,32,36.2028
E_14_6,Orange,E_14_6_Orange,14,exposed,Post2,16/03/2024,6.4,2.6,,MISSING,NA,NA,NA,NA,NA,NA,NA
E_14_6,Orange,E_14_6_Orange,14,exposed,Post3,19/03/2024,6.4,2.6,,nontag_39,656.972,64.2307,0.500499,23,70.0699,31,33.7003
E_14_6,Orange,E_14_6_Orange,14,exposed,Post4,22/03/2024,6.4,2.6,,untag:´_28,232.325,21.3546,0.834165,5,23.3566,6,10.1768
E_14_6,Pink,E_14_6_Pink,14,exposed,Pre1,16/02/2024,6.9,3.6,,35,3060.53,404.737,67.4005,14,474.974,21,50.0499
E_14_6,Pink,E_14_6_Pink,14,exposed,Pre2,19/02/2024,6.9,3.6,,44,1761.83,242.742,26.1928,35,276.442,54,89.7562
E_14_6,Pink,E_14_6_Pink,14,exposed,Pre3,22/02/2024,6.9,3.6,,44,1547.24,197.03,24.1908,32,228.728,48,88.5883
E_14_6,Pink,E_14_6_Pink,14,exposed,Pre4,25/02/2024,6.9,3.6,,115,2123.65,261.094,15.5155,27,282.782,44,62.0619
E_14_6,Pink,E_14_6_Pink,14,exposed,Post1,13/03/2024,6.9,3.6,,40,2029.88,230.23,60.2267,26,295.128,44,54.3876
E_14_6,Pink,E_14_6_Pink,14,exposed,Post2,16/03/2024,6.9,3.6,,36,2859.86,300.466,14.014,23,319.819,40,57.7242
E_14_6,Pink,E_14_6_Pink,14,exposed,Post3,19/03/2024,6.9,3.6,,40,3177.23,329.996,39.3726,8,371.537,18,25.6923
E_14_6,Pink,E_14_6_Pink,14,exposed,Post4,22/03/2024,6.9,3.6,,29,3186.97,355.688,38.5384,22,398.23,38,59.0589
E_14_6,Yellow,E_14_6_Yellow,14,exposed,Pre1,16/02/2024,6.2,2.4,,36,2197.43,258.925,21.1878,25,285.285,44,50.7173
E_14_6,Yellow,E_14_6_Yellow,14,exposed,Pre2,19/02/2024,6.2,2.4,,45,4174.36,429.262,44.5445,23,478.644,44,48.048
E_14_6,Yellow,E_14_6_Yellow,14,exposed,Pre3,22/02/2024,6.2,2.4,,45,3097.81,341.341,58.8921,23,404.571,43,71.2378
E_14_6,Yellow,E_14_6_Yellow,14,exposed,Pre4,25/02/2024,6.2,2.4,,116,3343.95,408.908,32.5325,27,447.113,53,74.4076
E_14_6,Yellow,E_14_6_Yellow,14,exposed,Post1,13/03/2024,6.2,2.4,,42,1691.45,178.178,49.5495,24,233.233,42,76.7433
E_14_6,Yellow,E_14_6_Yellow,14,exposed,Post2,16/03/2024,6.2,2.4,,37,1749.62,203.537,15.5155,17,221.888,28,39.039
E_14_6,Yellow,E_14_6_Yellow,14,exposed,Post3,19/03/2024,6.2,2.4,,41,1841.14,201.201,21.1878,23,227.894,38,51.8851
E_14_6,Yellow,E_14_6_Yellow,14,exposed,Post4,22/03/2024,6.2,2.4,,30,1241.84,146.313,14.8482,21,165.665,33,49.3826
E_14_7,Blue,E_14_7_Blue,14,exposed,Pre1,16/02/2024,8.2,5.7,,39,2419.81,260.093,15.015,34,280.947,56,81.0809
E_14_7,Blue,E_14_7_Blue,14,exposed,Pre2,19/02/2024,8.2,5.7,,49,2417.31,301.134,56.5565,33,363.53,55,113.113
E_14_7,Blue,E_14_7_Blue,14,exposed,Pre3,22/02/2024,8.2,5.7,,49,681.806,60.06,33.1998,5,94.5944,8,45.7123
E_14_7,Blue,E_14_7_Blue,14,exposed,Pre4,25/02/2024,8.2,5.7,,Never leaves,0,0,0,0,0,0,0
E_14_7,Blue,E_14_7_Blue,14,exposed,Post1,14/03/2024,8.2,5.7,,Never Leaves,0,0,0,0,0,0,0
E_14_7,Blue,E_14_7_Blue,14,exposed,Post2,16/03/2024,8.2,5.7,,42,1831.72,185.185,14.014,19,203.203,33,49.7163
E_14_7,Blue,E_14_7_Blue,14,exposed,Post3,19/03/2024,8.2,5.7,,46,1075.15,113.447,1.5015,23,118.785,35,43.043
E_14_7,Blue,E_14_7_Blue,14,exposed,Post4,22/03/2024,8.2,5.7,,35,1470.65,191.858,17.6843,13,212.712,21,45.7123
E_14_7,Orange,E_14_7_Orange,14,exposed,Pre1,16/02/2024,8.8,7,,40,2982.58,285.618,20.5205,35,313.479,57,83.2497
E_14_7,Orange,E_14_7_Orange,14,exposed,Pre2,19/02/2024,8.8,7,,50,255.423,30.6973,0.166833,6,32.3656,9,16.5165
E_14_7,Orange,E_14_7_Orange,14,exposed,Pre3,22/02/2024,8.8,7,,50,2659.17,211.044,3.50349,27,220.386,46,58.3915
E_14_7,Orange,E_14_7_Orange,14,exposed,Pre4,25/02/2024,8.8,7,,121,464.923,33.8671,0.834165,4,35.3686,8,8.84215
E_14_7,Orange,E_14_7_Orange,14,exposed,Post1,14/03/2024,8.8,7,,47,3120.23,308.141,6.84015,25,319.986,41,56.0559
E_14_7,Orange,E_14_7_Orange,14,exposed,Post2,16/03/2024,8.8,7,,MISSING,NA,NA,NA,NA,NA,NA,NA
E_14_7,Orange,E_14_7_Orange,14,exposed,Post3,19/03/2024,8.8,7,,47,3500.68,330.663,12.6793,34,350.683,57,76.5763
E_14_7,Orange,E_14_7_Orange,14,exposed,Post4,22/03/2024,8.8,7,,36,2672.45,274.941,11.5115,33,293.96,51,66.5664
E_14_7,Pink,E_14_7_Pink,14,exposed,Pre1,16/02/2024,8.2,5.7,,41,5353.38,440.606,11.1778,25,456.622,51,44.5445
E_14_7,Pink,E_14_7_Pink,14,exposed,Pre2,19/02/2024,8.2,5.7,,51,2667.77,269.602,32.5325,27,306.806,51,67.9011
E_14_7,Pink,E_14_7_Pink,14,exposed,Pre3,22/02/2024,8.2,5.7,,51,3034.38,313.479,13.8471,25,332.165,50,74.5744
E_14_7,Pink,E_14_7_Pink,14,exposed,Pre4,25/02/2024,8.2,5.7,,122,3103.52,346.846,45.2117,20,396.395,39,73.7402
E_14_7,Pink,E_14_7_Pink,14,exposed,Post1,14/03/2024,8.2,5.7,,48,675.74,73.2397,8.67532,16,86.5863,23,38.7053
E_14_7,Pink,E_14_7_Pink,14,exposed,Post2,16/03/2024,8.2,5.7,,43,3041.54,355.688,40.8741,30,403.402,57,72.7392
E_14_7,Pink,E_14_7_Pink,14,exposed,Post3,19/03/2024,8.2,5.7,,48,2255.9,209.042,8.17482,19,222.055,32,42.0419
E_14_7,Pink,E_14_7_Pink,14,exposed,Post4,22/03/2024,8.2,5.7,,37,1128.66,133.967,10.1768,32,151.484,48,71.5714
E_14_7,Yellow,E_14_7_Yellow,14,exposed,Pre1,16/02/2024,9,7.2,,42,2294.89,267.934,114.781,25,388.22,43,172.172
E_14_7,Yellow,E_14_7_Yellow,14,exposed,Pre2,19/02/2024,9,7.2,,52,1964.32,242.575,224.557,23,471.47,54,213.88
E_14_7,Yellow,E_14_7_Yellow,14,exposed,Pre3,22/02/2024,9,7.2,,52,2503.99,286.119,137.137,22,427.593,44,125.292
E_14_7,Yellow,E_14_7_Yellow,14,exposed,Pre4,25/02/2024,9,7.2,,123,2050.53,256.089,88.9221,33,351.851,58,146.146
E_14_7,Yellow,E_14_7_Yellow,14,exposed,Post1,14/03/2024,9,7.2,,Never Leaves,0,0,0,0,0,0,0
E_14_7,Yellow,E_14_7_Yellow,14,exposed,Post2,16/03/2024,9,7.2,,44,1500.78,164.498,17.017,25,187.02,46,54.7213
E_14_7,Yellow,E_14_7_Yellow,14,exposed,Post3,19/03/2024,9,7.2,,49,1416.08,143.143,12.012,30,164.331,52,72.4056
E_14_7,Yellow,E_14_7_Yellow,14,exposed,Post4,22/03/2024,9,7.2,DIED,MISSING,NA,NA,NA,NA,NA,NA,NA
E_14_8,Blue,E_14_8_Blue,14,exposed,Pre1,17/02/2024,6.1,2.4,,47,1244.78,122.122,10.3437,9,134.301,21,43.2098
E_14_8,Blue,E_14_8_Blue,14,exposed,Pre2,20/02/2024,6.1,2.4,,57,466.703,66.2328,107.774,22,180.013,31,111.611
E_14_8,Blue,E_14_8_Blue,14,exposed,Pre3,23/02/2024,6.1,2.4,,57,102.059,17.3507,83.7503,7,103.103,8,88.5884
E_14_8,Blue,E_14_8_Blue,14,exposed,Pre4,26/02/2024,6.1,2.4,,128,187.068,32.3656,7.50749,16,45.045,19,33.7003
E_14_8,Blue,E_14_8_Blue,14,exposed,Post1,14/03/2024,6.1,2.4,DIED,MISSING,NA,NA,NA,NA,NA,NA,NA
E_14_8,Blue,E_14_8_Blue,14,exposed,Post2,17/03/2024,6.1,2.4,DIED,MISSING,NA,NA,NA,NA,NA,NA,NA
E_14_8,Blue,E_14_8_Blue,14,exposed,Post3,20/03/2024,6.1,2.4,DIED,MISSING,NA,NA,NA,NA,NA,NA,NA
E_14_8,Blue,E_14_8_Blue,14,exposed,Post4,23/03/2024,6.1,2.4,DIED,MISSING,NA,NA,NA,NA,NA,NA,NA
E_14_8,Orange,E_14_8_Orange,14,exposed,Pre1,17/02/2024,6.7,3.1,,48,3161.23,388.888,62.8961,19,455.621,35,46.7133
E_14_8,Orange,E_14_8_Orange,14,exposed,Pre2,20/02/2024,6.7,3.1,,58,719.937,90.0898,5.67232,14,100.934,25,41.5414
E_14_8,Orange,E_14_8_Orange,14,exposed,Pre3,23/02/2024,6.7,3.1,,Never leaves,0,0,0,0,0,0,0
E_14_8,Orange,E_14_8_Orange,14,exposed,Pre4,26/02/2024,6.7,3.1,,129,829.363,93.2596,2.66933,16,100.767,24,38.0379
E_14_8,Orange,E_14_8_Orange,14,exposed,Post1,14/03/2024,6.7,3.1,,53,1732.03,190.523,4.17082,19,198.531,29,44.3776
E_14_8,Orange,E_14_8_Orange,14,exposed,Post2,17/03/2024,6.7,3.1,,49,608.818,69.4025,7.17382,12,79.4125,18,28.1948
E_14_8,Orange,E_14_8_Orange,14,exposed,Post3,20/03/2024,6.7,3.1,,54,48.1736,10.5105,8.00798,7,20.3536,9,18.8521
E_14_8,Orange,E_14_8_Orange,14,exposed,Post4,23/03/2024,6.7,3.1,,42,1037.63,120.453,8.34165,19,133.466,26,43.2097
E_14_8,Pink,E_14_8_Pink,14,exposed,Pre1,17/02/2024,6.4,2.6,,49,1889.24,307.64,100.1,27,413.579,53,187.187
E_14_8,Pink,E_14_8_Pink,14,exposed,Pre2,20/02/2024,6.4,2.6,,59,4129.37,358.691,5.33866,40,371.871,78,72.7392
E_14_8,Pink,E_14_8_Pink,14,exposed,Pre3,23/02/2024,6.4,2.6,,58,2029.53,223.723,18.018,19,246.579,37,43.5434
E_14_8,Pink,E_14_8_Pink,14,exposed,Pre4,26/02/2024,6.4,2.6,,130,3258.7,345.011,6.84015,31,359.525,55,68.0679
E_14_8,Pink,E_14_8_Pink,14,exposed,Post1,14/03/2024,6.4,2.6,,54,2109.06,208.541,3.67033,21,217.217,40,43.7102
E_14_8,Pink,E_14_8_Pink,14,exposed,Post2,17/03/2024,6.4,2.6,,50,2486.03,232.232,2.33566,38,241.908,69,61.0609
E_14_8,Pink,E_14_8_Pink,14,exposed,Post3,20/03/2024,6.4,2.6,,55,2401.56,198.031,1.66833,29,205.538,50,47.0469
E_14_8,Pink,E_14_8_Pink,14,exposed,Post4,23/03/2024,6.4,2.6,,43,1120.86,103.103,1.16783,21,108.275,35,36.7033
E_14_8,Yellow,E_14_8_Yellow,14,exposed,Pre1,17/02/2024,6.6,3,,50,2619.66,270.937,34.0339,15,307.64,32,60.5604
E_14_8,Yellow,E_14_8_Yellow,14,exposed,Pre2,20/02/2024,6.6,3,,60,3900.84,393.893,26.6933,37,427.427,73,96.2628
E_14_8,Yellow,E_14_8_Yellow,14,exposed,Pre3,23/02/2024,6.6,3,,59,3027.84,321.654,174.508,29,503.002,56,186.019
E_14_8,Yellow,E_14_8_Yellow,14,exposed,Pre4,26/02/2024,6.6,3,,131,1941.64,264.431,98.2648,34,370.87,62,169.002
E_14_8,Yellow,E_14_8_Yellow,14,exposed,Post1,14/03/2024,6.6,3,,55,1366.4,141.975,16.3497,31,165.332,49,70.5704
E_14_8,Yellow,E_14_8_Yellow,14,exposed,Post2,17/03/2024,6.6,3,,51,605.416,65.2318,10.8442,11,78.5784,18,34.5345
E_14_8,Yellow,E_14_8_Yellow,14,exposed,Post3,20/03/2024,6.6,3,,56,13.1527,2.66933,9.34266,1,12.1788,1,12.1788
E_14_8,Yellow,E_14_8_Yellow,14,exposed,Post4,23/03/2024,6.6,3,,44,1744.05,171.671,13.3467,32,193.36,54,83.5834
E_14_9,Blue,E_14_9_Blue,14,exposed,Pre1,17/02/2024,9.4,8.5,,53,3582.38,394.06,28.8621,23,427.593,50,55.3886
E_14_9,Blue,E_14_9_Blue,14,exposed,Pre2,20/02/2024,9.4,8.5,,64,4163.9,417.75,27.5275,34,451.951,64,90.7573
E_14_9,Blue,E_14_9_Blue,14,exposed,Pre3,23/02/2024,9.4,8.5,,64,2379.08,294.627,46.3796,38,348.681,64,120.787
E_14_9,Blue,E_14_9_Blue,14,exposed,Pre4,26/02/2024,9.4,8.5,,136,2615.88,306.806,32.6993,31,345.178,54,81.7483
E_14_9,Blue,E_14_9_Blue,14,exposed,Post1,14/03/2024,9.4,8.5,,58,2529.2,305.305,68.0679,42,383.049,72,143.477
E_14_9,Blue,E_14_9_Blue,14,exposed,Post2,17/03/2024,9.4,8.5,,54,2706.55,303.97,62.7293,42,376.042,77,154.488
E_14_9,Blue,E_14_9_Blue,14,exposed,Post3,20/03/2024,9.4,8.5,,59,2812.9,331.498,35.8691,34,375.542,65,104.104
E_14_9,Blue,E_14_9_Blue,14,exposed,Post4,23/03/2024,9.4,8.5,,48,2874.85,368.701,63.8971,27,438.771,51,115.949
E_14_9,Orange,E_14_9_Orange,14,exposed,Pre1,17/02/2024,8.5,6.4,,Never Leaves,0,0,0,0,0,0,0
E_14_9,Orange,E_14_9_Orange,14,exposed,Pre2,20/02/2024,8.5,6.4,,65,2508.3,252.919,41.2078,44,304.804,69,138.805
E_14_9,Orange,E_14_9_Orange,14,exposed,Pre3,23/02/2024,8.5,6.4,,65,4719.17,441.44,13.8471,30,461.46,60,87.0868
E_14_9,Orange,E_14_9_Orange,14,exposed,Pre4,26/02/2024,8.5,6.4,,137,2819.78,304.137,78.5783,34,389.388,57,130.63
E_14_9,Orange,E_14_9_Orange,14,exposed,Post1,14/03/2024,8.5,6.4,,59,2256.44,266.432,85.7522,34,360.359,57,143.643
E_14_9,Orange,E_14_9_Orange,14,exposed,Post2,17/03/2024,8.5,6.4,,55,3088.25,318.484,83.917,25,408.574,47,115.782
E_14_9,Orange,E_14_9_Orange,14,exposed,Post3,20/03/2024,8.5,6.4,,60,4347.26,388.888,57.5574,25,452.952,52,98.4315
E_14_9,Orange,E_14_9_Orange,14,exposed,Post4,23/03/2024,8.5,6.4,,49,1590.66,206.539,50.7172,45,267.1,70,146.313
E_14_9,Pink,E_14_9_Pink,14,exposed,Pre1,17/02/2024,8.4,6.3,,54,572.981,56.3896,35.7023,13,96.4295,23,61.895
E_14_9,Pink,E_14_9_Pink,14,exposed,Pre2,20/02/2024,8.4,6.3,,66,1828.86,151.651,3.67033,18,158.825,31,41.7082
E_14_9,Pink,E_14_9_Pink,14,exposed,Pre3,23/02/2024,8.4,6.3,,66,1431.91,154.154,5.00499,20,164.831,34,61.3945
E_14_9,Pink,E_14_9_Pink,14,exposed,Pre4,26/02/2024,8.4,6.3,,138,3592.67,318.151,13.013,27,337.003,53,72.0719
E_14_9,Pink,E_14_9_Pink,14,exposed,Post1,14/03/2024,8.4,6.3,,60,3266.33,317.15,15.8491,15,336.502,27,40.8741
E_14_9,Pink,E_14_9_Pink,14,exposed,Post2,17/03/2024,8.4,6.3,,56,445.832,38.2048,3.83716,4,43.2097,8,15.1818
E_14_9,Pink,E_14_9_Pink,14,exposed,Post3,20/03/2024,8.4,6.3,,61,763.993,83.5833,1.16783,18,88.4215,27,38.0379
E_14_9,Pink,E_14_9_Pink,14,exposed,Post4,23/03/2024,8.4,6.3,,50,221.168,22.022,1.001,4,24.1908,7,8.84215
E_14_9,Yellow,E_14_9_Yellow,14,exposed,Pre1,17/02/2024,8.9,7.1,,Never Leaves,0,0,0,0,0,0,0
E_14_9,Yellow,E_14_9_Yellow,14,exposed,Pre2,20/02/2024,8.9,7.1,,67,385.309,40.7073,118.285,4,159.659,8,132.466
E_14_9,Yellow,E_14_9_Yellow,14,exposed,Pre3,23/02/2024,8.9,7.1,,67,3234.54,365.031,72.5724,22,441.941,46,122.289
E_14_9,Yellow,E_14_9_Yellow,14,exposed,Pre4,26/02/2024,8.9,7.1,,139,3688.88,409.742,48.3816,21,461.627,52,80.4136
E_14_9,Yellow,E_14_9_Yellow,14,exposed,Post1,14/03/2024,8.9,7.1,,61,1127.47,150.15,180.347,14,334,26,215.882
E_14_9,Yellow,E_14_9_Yellow,14,exposed,Post2,17/03/2024,8.9,7.1,,57,3048.17,335.835,164.164,25,504.17,54,152.652
E_14_9,Yellow,E_14_9_Yellow,14,exposed,Post3,20/03/2024,8.9,7.1,,62,2331.4,271.771,216.216,20,491.657,42,74.0739
E_14_9,Yellow,E_14_9_Yellow,14,exposed,Post4,23/03/2024,8.9,7.1,,51,145.924,12.6793,565.731,1,578.578,2,572.905
